{
  "job": {
    "id": "e5_seed42_multilingual_combined_binary_en",
    "kind": "experiment",
    "seed": 42,
    "method": "e5",
    "training": "multi",
    "translated": "no",
    "task": "binary",
    "test_language": "en",
    "setting_name": "multilingual_combined"
  },
  "train_size": 2896,
  "test_size": 194,
  "train_label_dist": {
    "HC": 2082,
    "Dementia": 814
  },
  "test_label_dist": {
    "HC": 131,
    "Dementia": 63
  },
  "classifiers": {
    "DT": {
      "accuracy": 0.7525773195876289,
      "best_params": {
        "max_depth": 10
      }
    },
    "RF": {
      "accuracy": 0.8041237113402062,
      "best_params": {
        "n_estimators": 200
      }
    },
    "SVM": {
      "accuracy": 0.7783505154639175,
      "best_params": {
        "C": 10,
        "kernel": "rbf"
      }
    },
    "LR": {
      "accuracy": 0.6752577319587629,
      "best_params": {
        "C": 0.1
      }
    }
  },
  "fusion": {
    "DT+RF": {
      "accuracy": 0.7628865979381443
    },
    "DT+SVM": {
      "accuracy": 0.7525773195876289
    },
    "DT+LR": {
      "accuracy": 0.7525773195876289
    },
    "RF+SVM": {
      "accuracy": 0.8505154639175257
    },
    "RF+LR": {
      "accuracy": 0.6907216494845361
    },
    "SVM+LR": {
      "accuracy": 0.7731958762886598
    },
    "DT+RF+SVM": {
      "accuracy": 0.8402061855670103
    },
    "DT+RF+LR": {
      "accuracy": 0.7731958762886598
    },
    "DT+SVM+LR": {
      "accuracy": 0.8092783505154639
    },
    "RF+SVM+LR": {
      "accuracy": 0.8041237113402062
    },
    "DT+RF+SVM+LR": {
      "accuracy": 0.8144329896907216
    }
  }
}