{
  "job": {
    "id": "e5_seed46_translated_combined_multiclass_cha",
    "kind": "experiment",
    "seed": 46,
    "method": "e5",
    "training": "multi",
    "translated": "yes",
    "task": "multiclass",
    "test_language": "cha",
    "setting_name": "translated_combined"
  },
  "train_size": 3573,
  "test_size": 153,
  "train_label_dist": {
    "HC": 2082,
    "Dementia": 814,
    "MCI": 677
  },
  "test_label_dist": {
    "MCI": 65,
    "HC": 58,
    "Dementia": 30
  },
  "classifiers": {
    "DT": {
      "accuracy": 0.3790849673202614,
      "best_params": {
        "max_depth": 10
      }
    },
    "RF": {
      "accuracy": 0.5947712418300654,
      "best_params": {
        "n_estimators": 200
      }
    },
    "SVM": {
      "accuracy": 0.5424836601307189,
      "best_params": {
        "C": 1,
        "kernel": "linear"
      }
    },
    "LR": {
      "accuracy": 0.6143790849673203,
      "best_params": {
        "C": 10
      }
    }
  },
  "fusion": {
    "DT+RF": {
      "accuracy": 0.39215686274509803
    },
    "DT+SVM": {
      "accuracy": 0.39869281045751637
    },
    "DT+LR": {
      "accuracy": 0.41830065359477125
    },
    "RF+SVM": {
      "accuracy": 0.5751633986928104
    },
    "RF+LR": {
      "accuracy": 0.6274509803921569
    },
    "SVM+LR": {
      "accuracy": 0.6143790849673203
    },
    "DT+RF+SVM": {
      "accuracy": 0.5359477124183006
    },
    "DT+RF+LR": {
      "accuracy": 0.5816993464052288
    },
    "DT+SVM+LR": {
      "accuracy": 0.6013071895424836
    },
    "RF+SVM+LR": {
      "accuracy": 0.6209150326797386
    },
    "DT+RF+SVM+LR": {
      "accuracy": 0.5882352941176471
    }
  }
}