{
  "job": {
    "id": "e5_seed46_multilingual_combined_multiclass_cha",
    "kind": "experiment",
    "seed": 46,
    "method": "e5",
    "training": "multi",
    "translated": "no",
    "task": "multiclass",
    "test_language": "cha",
    "setting_name": "multilingual_combined"
  },
  "train_size": 3573,
  "test_size": 153,
  "train_label_dist": {
    "HC": 2082,
    "Dementia": 814,
    "MCI": 677
  },
  "test_label_dist": {
    "MCI": 65,
    "HC": 58,
    "Dementia": 30
  },
  "classifiers": {
    "DT": {
      "accuracy": 0.45751633986928103,
      "best_params": {
        "max_depth": 20
      }
    },
    "RF": {
      "accuracy": 0.5424836601307189,
      "best_params": {
        "n_estimators": 50
      }
    },
    "SVM": {
      "accuracy": 0.49019607843137253,
      "best_params": {
        "C": 1,
        "kernel": "linear"
      }
    },
    "LR": {
      "accuracy": 0.5686274509803921,
      "best_params": {
        "C": 10
      }
    }
  },
  "fusion": {
    "DT+RF": {
      "accuracy": 0.45751633986928103
    },
    "DT+SVM": {
      "accuracy": 0.45751633986928103
    },
    "DT+LR": {
      "accuracy": 0.45751633986928103
    },
    "RF+SVM": {
      "accuracy": 0.5620915032679739
    },
    "RF+LR": {
      "accuracy": 0.5751633986928104
    },
    "SVM+LR": {
      "accuracy": 0.5882352941176471
    },
    "DT+RF+SVM": {
      "accuracy": 0.5163398692810458
    },
    "DT+RF+LR": {
      "accuracy": 0.5947712418300654
    },
    "DT+SVM+LR": {
      "accuracy": 0.5424836601307189
    },
    "RF+SVM+LR": {
      "accuracy": 0.5620915032679739
    },
    "DT+RF+SVM+LR": {
      "accuracy": 0.5620915032679739
    }
  }
}