{
  "job": {
    "id": "e5_seed45_translated_combined_multiclass_cha",
    "kind": "experiment",
    "seed": 45,
    "method": "e5",
    "training": "multi",
    "translated": "yes",
    "task": "multiclass",
    "test_language": "cha",
    "setting_name": "translated_combined"
  },
  "train_size": 3573,
  "test_size": 153,
  "train_label_dist": {
    "HC": 2082,
    "Dementia": 814,
    "MCI": 677
  },
  "test_label_dist": {
    "MCI": 65,
    "HC": 58,
    "Dementia": 30
  },
  "classifiers": {
    "DT": {
      "accuracy": 0.39869281045751637,
      "best_params": {
        "max_depth": 20
      }
    },
    "RF": {
      "accuracy": 0.5620915032679739,
      "best_params": {
        "n_estimators": 100
      }
    },
    "SVM": {
      "accuracy": 0.5490196078431373,
      "best_params": {
        "C": 1,
        "kernel": "rbf"
      }
    },
    "LR": {
      "accuracy": 0.6209150326797386,
      "best_params": {
        "C": 10
      }
    }
  },
  "fusion": {
    "DT+RF": {
      "accuracy": 0.39869281045751637
    },
    "DT+SVM": {
      "accuracy": 0.39869281045751637
    },
    "DT+LR": {
      "accuracy": 0.39869281045751637
    },
    "RF+SVM": {
      "accuracy": 0.5816993464052288
    },
    "RF+LR": {
      "accuracy": 0.6013071895424836
    },
    "SVM+LR": {
      "accuracy": 0.6143790849673203
    },
    "DT+RF+SVM": {
      "accuracy": 0.5424836601307189
    },
    "DT+RF+LR": {
      "accuracy": 0.5751633986928104
    },
    "DT+SVM+LR": {
      "accuracy": 0.5620915032679739
    },
    "RF+SVM+LR": {
      "accuracy": 0.6078431372549019
    },
    "DT+RF+SVM+LR": {
      "accuracy": 0.5686274509803921
    }
  }
}