{
  "job": {
    "id": "e5_seed43_monolingual_multiclass_cha",
    "kind": "experiment",
    "seed": 43,
    "method": "e5",
    "training": "mono",
    "translated": "no",
    "task": "multiclass",
    "test_language": "cha",
    "setting_name": "monolingual"
  },
  "train_size": 610,
  "test_size": 153,
  "train_label_dist": {
    "MCI": 259,
    "HC": 232,
    "Dementia": 119
  },
  "test_label_dist": {
    "MCI": 65,
    "HC": 58,
    "Dementia": 30
  },
  "classifiers": {
    "DT": {
      "accuracy": 0.5163398692810458,
      "best_params": {
        "max_depth": 20
      }
    },
    "RF": {
      "accuracy": 0.5620915032679739,
      "best_params": {
        "n_estimators": 100
      }
    },
    "SVM": {
      "accuracy": 0.6078431372549019,
      "best_params": {
        "C": 10,
        "kernel": "linear"
      }
    },
    "LR": {
      "accuracy": 0.6339869281045751,
      "best_params": {
        "C": 10
      }
    }
  },
  "fusion": {
    "DT+RF": {
      "accuracy": 0.5163398692810458
    },
    "DT+SVM": {
      "accuracy": 0.5163398692810458
    },
    "DT+LR": {
      "accuracy": 0.5163398692810458
    },
    "RF+SVM": {
      "accuracy": 0.6209150326797386
    },
    "RF+LR": {
      "accuracy": 0.6143790849673203
    },
    "SVM+LR": {
      "accuracy": 0.6339869281045751
    },
    "DT+RF+SVM": {
      "accuracy": 0.5751633986928104
    },
    "DT+RF+LR": {
      "accuracy": 0.5882352941176471
    },
    "DT+SVM+LR": {
      "accuracy": 0.6339869281045751
    },
    "RF+SVM+LR": {
      "accuracy": 0.6405228758169934
    },
    "DT+RF+SVM+LR": {
      "accuracy": 0.5947712418300654
    }
  }
}