{
  "job": {
    "id": "e5_seed44_monolingual_binary_spa",
    "kind": "experiment",
    "seed": 44,
    "method": "e5",
    "training": "mono",
    "translated": "no",
    "task": "binary",
    "test_language": "spa",
    "setting_name": "monolingual"
  },
  "train_size": 233,
  "test_size": 59,
  "train_label_dist": {
    "HC": 156,
    "Dementia": 77
  },
  "test_label_dist": {
    "HC": 39,
    "Dementia": 20
  },
  "classifiers": {
    "DT": {
      "accuracy": 0.5254237288135594,
      "best_params": {
        "max_depth": 10
      }
    },
    "RF": {
      "accuracy": 0.6949152542372882,
      "best_params": {
        "n_estimators": 200
      }
    },
    "SVM": {
      "accuracy": 0.6440677966101694,
      "best_params": {
        "C": 1,
        "kernel": "rbf"
      }
    },
    "LR": {
      "accuracy": 0.7288135593220338,
      "best_params": {
        "C": 1
      }
    }
  },
  "fusion": {
    "DT+RF": {
      "accuracy": 0.5254237288135594
    },
    "DT+SVM": {
      "accuracy": 0.5254237288135594
    },
    "DT+LR": {
      "accuracy": 0.5254237288135594
    },
    "RF+SVM": {
      "accuracy": 0.6779661016949152
    },
    "RF+LR": {
      "accuracy": 0.7288135593220338
    },
    "SVM+LR": {
      "accuracy": 0.6949152542372882
    },
    "DT+RF+SVM": {
      "accuracy": 0.6610169491525424
    },
    "DT+RF+LR": {
      "accuracy": 0.711864406779661
    },
    "DT+SVM+LR": {
      "accuracy": 0.6949152542372882
    },
    "RF+SVM+LR": {
      "accuracy": 0.6440677966101694
    },
    "DT+RF+SVM+LR": {
      "accuracy": 0.711864406779661
    }
  }
}