{
  "job": {
    "id": "e5_seed45_translated_combined_multiclass_spa",
    "kind": "experiment",
    "seed": 45,
    "method": "e5",
    "training": "multi",
    "translated": "yes",
    "task": "multiclass",
    "test_language": "spa",
    "setting_name": "translated_combined"
  },
  "train_size": 3573,
  "test_size": 76,
  "train_label_dist": {
    "HC": 2082,
    "Dementia": 814,
    "MCI": 677
  },
  "test_label_dist": {
    "HC": 39,
    "Dementia": 20,
    "MCI": 17
  },
  "classifiers": {
    "DT": {
      "accuracy": 0.32894736842105265,
      "best_params": {
        "max_depth": 20
      }
    },
    "RF": {
      "accuracy": 0.5526315789473685,
      "best_params": {
        "n_estimators": 100
      }
    },
    "SVM": {
      "accuracy": 0.3026315789473684,
      "best_params": {
        "C": 1,
        "kernel": "rbf"
      }
    },
    "LR": {
      "accuracy": 0.6052631578947368,
      "best_params": {
        "C": 10
      }
    }
  },
  "fusion": {
    "DT+RF": {
      "accuracy": 0.3684210526315789
    },
    "DT+SVM": {
      "accuracy": 0.34210526315789475
    },
    "DT+LR": {
      "accuracy": 0.3684210526315789
    },
    "RF+SVM": {
      "accuracy": 0.5263157894736842
    },
    "RF+LR": {
      "accuracy": 0.5657894736842105
    },
    "SVM+LR": {
      "accuracy": 0.5921052631578947
    },
    "DT+RF+SVM": {
      "accuracy": 0.3684210526315789
    },
    "DT+RF+LR": {
      "accuracy": 0.5131578947368421
    },
    "DT+SVM+LR": {
      "accuracy": 0.3815789473684211
    },
    "RF+SVM+LR": {
      "accuracy": 0.5657894736842105
    },
    "DT+RF+SVM+LR": {
      "accuracy": 0.40789473684210525
    }
  }
}