{
  "job": {
    "id": "e5_seed44_monolingual_binary_en",
    "kind": "experiment",
    "seed": 44,
    "method": "e5",
    "training": "mono",
    "translated": "no",
    "task": "binary",
    "test_language": "en",
    "setting_name": "monolingual"
  },
  "train_size": 2140,
  "test_size": 194,
  "train_label_dist": {
    "HC": 1628,
    "Dementia": 512
  },
  "test_label_dist": {
    "HC": 131,
    "Dementia": 63
  },
  "classifiers": {
    "DT": {
      "accuracy": 0.788659793814433,
      "best_params": {
        "max_depth": 10
      }
    },
    "RF": {
      "accuracy": 0.845360824742268,
      "best_params": {
        "n_estimators": 100
      }
    },
    "SVM": {
      "accuracy": 0.845360824742268,
      "best_params": {
        "C": 10,
        "kernel": "linear"
      }
    },
    "LR": {
      "accuracy": 0.8195876288659794,
      "best_params": {
        "C": 10
      }
    }
  },
  "fusion": {
    "DT+RF": {
      "accuracy": 0.788659793814433
    },
    "DT+SVM": {
      "accuracy": 0.788659793814433
    },
    "DT+LR": {
      "accuracy": 0.788659793814433
    },
    "RF+SVM": {
      "accuracy": 0.8814432989690721
    },
    "RF+LR": {
      "accuracy": 0.845360824742268
    },
    "SVM+LR": {
      "accuracy": 0.8505154639175257
    },
    "DT+RF+SVM": {
      "accuracy": 0.8814432989690721
    },
    "DT+RF+LR": {
      "accuracy": 0.8762886597938144
    },
    "DT+SVM+LR": {
      "accuracy": 0.865979381443299
    },
    "RF+SVM+LR": {
      "accuracy": 0.8711340206185567
    },
    "DT+RF+SVM+LR": {
      "accuracy": 0.8814432989690721
    }
  }
}