{
  "job": {
    "id": "tfidf_seed46_translated_combined_multiclass_cha",
    "kind": "experiment",
    "seed": 46,
    "method": "tfidf",
    "training": "multi",
    "translated": "yes",
    "task": "multiclass",
    "test_language": "cha",
    "setting_name": "translated_combined"
  },
  "train_size": 3573,
  "test_size": 153,
  "train_label_dist": {
    "HC": 2082,
    "Dementia": 814,
    "MCI": 677
  },
  "test_label_dist": {
    "MCI": 65,
    "HC": 58,
    "Dementia": 30
  },
  "classifiers": {
    "DT": {
      "accuracy": 0.5228758169934641,
      "best_params": {
        "max_depth": 30
      }
    },
    "RF": {
      "accuracy": 0.5816993464052288,
      "best_params": {
        "n_estimators": 200
      }
    },
    "SVM": {
      "accuracy": 0.6013071895424836,
      "best_params": {
        "C": 10,
        "kernel": "rbf"
      }
    },
    "LR": {
      "accuracy": 0.6405228758169934,
      "best_params": {
        "C": 10
      }
    }
  },
  "fusion": {
    "DT+RF": {
      "accuracy": 0.5228758169934641
    },
    "DT+SVM": {
      "accuracy": 0.5228758169934641
    },
    "DT+LR": {
      "accuracy": 0.5228758169934641
    },
    "RF+SVM": {
      "accuracy": 0.5947712418300654
    },
    "RF+LR": {
      "accuracy": 0.6143790849673203
    },
    "SVM+LR": {
      "accuracy": 0.6274509803921569
    },
    "DT+RF+SVM": {
      "accuracy": 0.6143790849673203
    },
    "DT+RF+LR": {
      "accuracy": 0.6274509803921569
    },
    "DT+SVM+LR": {
      "accuracy": 0.6274509803921569
    },
    "RF+SVM+LR": {
      "accuracy": 0.5947712418300654
    },
    "DT+RF+SVM+LR": {
      "accuracy": 0.6339869281045751
    }
  }
}