{
  "job": {
    "id": "tfidf_seed45_monolingual_binary_cha",
    "kind": "experiment",
    "seed": 45,
    "method": "tfidf",
    "training": "mono",
    "translated": "no",
    "task": "binary",
    "test_language": "cha",
    "setting_name": "monolingual"
  },
  "train_size": 351,
  "test_size": 88,
  "train_label_dist": {
    "HC": 232,
    "Dementia": 119
  },
  "test_label_dist": {
    "HC": 58,
    "Dementia": 30
  },
  "classifiers": {
    "DT": {
      "accuracy": 0.6818181818181818,
      "best_params": {
        "max_depth": 10
      }
    },
    "RF": {
      "accuracy": 0.6704545454545454,
      "best_params": {
        "n_estimators": 50
      }
    },
    "SVM": {
      "accuracy": 0.6704545454545454,
      "best_params": {
        "C": 1,
        "kernel": "linear"
      }
    },
    "LR": {
      "accuracy": 0.6931818181818182,
      "best_params": {
        "C": 10
      }
    }
  },
  "fusion": {
    "DT+RF": {
      "accuracy": 0.6818181818181818
    },
    "DT+SVM": {
      "accuracy": 0.6931818181818182
    },
    "DT+LR": {
      "accuracy": 0.6818181818181818
    },
    "RF+SVM": {
      "accuracy": 0.6818181818181818
    },
    "RF+LR": {
      "accuracy": 0.6704545454545454
    },
    "SVM+LR": {
      "accuracy": 0.6818181818181818
    },
    "DT+RF+SVM": {
      "accuracy": 0.6818181818181818
    },
    "DT+RF+LR": {
      "accuracy": 0.6818181818181818
    },
    "DT+SVM+LR": {
      "accuracy": 0.6931818181818182
    },
    "RF+SVM+LR": {
      "accuracy": 0.6931818181818182
    },
    "DT+RF+SVM+LR": {
      "accuracy": 0.6818181818181818
    }
  }
}