{
  "job": {
    "id": "tfidf_seed46_translated_combined_binary_en",
    "kind": "experiment",
    "seed": 46,
    "method": "tfidf",
    "training": "multi",
    "translated": "yes",
    "task": "binary",
    "test_language": "en",
    "setting_name": "translated_combined"
  },
  "train_size": 2896,
  "test_size": 194,
  "train_label_dist": {
    "HC": 2082,
    "Dementia": 814
  },
  "test_label_dist": {
    "HC": 131,
    "Dementia": 63
  },
  "classifiers": {
    "DT": {
      "accuracy": 0.7680412371134021,
      "best_params": {
        "max_depth": 10
      }
    },
    "RF": {
      "accuracy": 0.8144329896907216,
      "best_params": {
        "n_estimators": 200
      }
    },
    "SVM": {
      "accuracy": 0.8814432989690721,
      "best_params": {
        "C": 10,
        "kernel": "rbf"
      }
    },
    "LR": {
      "accuracy": 0.7835051546391752,
      "best_params": {
        "C": 1
      }
    }
  },
  "fusion": {
    "DT+RF": {
      "accuracy": 0.7783505154639175
    },
    "DT+SVM": {
      "accuracy": 0.7783505154639175
    },
    "DT+LR": {
      "accuracy": 0.7731958762886598
    },
    "RF+SVM": {
      "accuracy": 0.8711340206185567
    },
    "RF+LR": {
      "accuracy": 0.8247422680412371
    },
    "SVM+LR": {
      "accuracy": 0.8711340206185567
    },
    "DT+RF+SVM": {
      "accuracy": 0.8350515463917526
    },
    "DT+RF+LR": {
      "accuracy": 0.8298969072164949
    },
    "DT+SVM+LR": {
      "accuracy": 0.8505154639175257
    },
    "RF+SVM+LR": {
      "accuracy": 0.8556701030927835
    },
    "DT+RF+SVM+LR": {
      "accuracy": 0.8402061855670103
    }
  }
}