{
  "job": {
    "id": "tfidf_seed46_translated_combined_multiclass_gr",
    "kind": "experiment",
    "seed": 46,
    "method": "tfidf",
    "training": "multi",
    "translated": "yes",
    "task": "multiclass",
    "test_language": "gr",
    "setting_name": "translated_combined"
  },
  "train_size": 3573,
  "test_size": 53,
  "train_label_dist": {
    "HC": 2082,
    "Dementia": 814,
    "MCI": 677
  },
  "test_label_dist": {
    "Dementia": 26,
    "HC": 17,
    "MCI": 10
  },
  "classifiers": {
    "DT": {
      "accuracy": 0.4716981132075472,
      "best_params": {
        "max_depth": 30
      }
    },
    "RF": {
      "accuracy": 0.6226415094339622,
      "best_params": {
        "n_estimators": 200
      }
    },
    "SVM": {
      "accuracy": 0.5660377358490566,
      "best_params": {
        "C": 10,
        "kernel": "rbf"
      }
    },
    "LR": {
      "accuracy": 0.5849056603773585,
      "best_params": {
        "C": 10
      }
    }
  },
  "fusion": {
    "DT+RF": {
      "accuracy": 0.4716981132075472
    },
    "DT+SVM": {
      "accuracy": 0.4716981132075472
    },
    "DT+LR": {
      "accuracy": 0.4716981132075472
    },
    "RF+SVM": {
      "accuracy": 0.5849056603773585
    },
    "RF+LR": {
      "accuracy": 0.5849056603773585
    },
    "SVM+LR": {
      "accuracy": 0.6037735849056604
    },
    "DT+RF+SVM": {
      "accuracy": 0.6037735849056604
    },
    "DT+RF+LR": {
      "accuracy": 0.6037735849056604
    },
    "DT+SVM+LR": {
      "accuracy": 0.5471698113207547
    },
    "RF+SVM+LR": {
      "accuracy": 0.5660377358490566
    },
    "DT+RF+SVM+LR": {
      "accuracy": 0.5660377358490566
    }
  }
}