{
  "job": {
    "id": "tfidf_seed42_multilingual_combined_binary_en",
    "kind": "experiment",
    "seed": 42,
    "method": "tfidf",
    "training": "multi",
    "translated": "no",
    "task": "binary",
    "test_language": "en",
    "setting_name": "multilingual_combined"
  },
  "train_size": 2896,
  "test_size": 194,
  "train_label_dist": {
    "HC": 2082,
    "Dementia": 814
  },
  "test_label_dist": {
    "HC": 131,
    "Dementia": 63
  },
  "classifiers": {
    "DT": {
      "accuracy": 0.7628865979381443,
      "best_params": {
        "max_depth": 10
      }
    },
    "RF": {
      "accuracy": 0.8350515463917526,
      "best_params": {
        "n_estimators": 100
      }
    },
    "SVM": {
      "accuracy": 0.8711340206185567,
      "best_params": {
        "C": 10,
        "kernel": "rbf"
      }
    },
    "LR": {
      "accuracy": 0.865979381443299,
      "best_params": {
        "C": 10
      }
    }
  },
  "fusion": {
    "DT+RF": {
      "accuracy": 0.7628865979381443
    },
    "DT+SVM": {
      "accuracy": 0.7989690721649485
    },
    "DT+LR": {
      "accuracy": 0.8041237113402062
    },
    "RF+SVM": {
      "accuracy": 0.8814432989690721
    },
    "RF+LR": {
      "accuracy": 0.8762886597938144
    },
    "SVM+LR": {
      "accuracy": 0.865979381443299
    },
    "DT+RF+SVM": {
      "accuracy": 0.845360824742268
    },
    "DT+RF+LR": {
      "accuracy": 0.8402061855670103
    },
    "DT+SVM+LR": {
      "accuracy": 0.8711340206185567
    },
    "RF+SVM+LR": {
      "accuracy": 0.8762886597938144
    },
    "DT+RF+SVM+LR": {
      "accuracy": 0.8711340206185567
    }
  }
}