{
  "job": {
    "id": "tfidf_seed42_translated_combined_binary_en",
    "kind": "experiment",
    "seed": 42,
    "method": "tfidf",
    "training": "multi",
    "translated": "yes",
    "task": "binary",
    "test_language": "en",
    "setting_name": "translated_combined"
  },
  "train_size": 2896,
  "test_size": 194,
  "train_label_dist": {
    "HC": 2082,
    "Dementia": 814
  },
  "test_label_dist": {
    "HC": 131,
    "Dementia": 63
  },
  "classifiers": {
    "DT": {
      "accuracy": 0.7628865979381443,
      "best_params": {
        "max_depth": 10
      }
    },
    "RF": {
      "accuracy": 0.8247422680412371,
      "best_params": {
        "n_estimators": 200
      }
    },
    "SVM": {
      "accuracy": 0.8762886597938144,
      "best_params": {
        "C": 10,
        "kernel": "rbf"
      }
    },
    "LR": {
      "accuracy": 0.711340206185567,
      "best_params": {
        "C": 0.1
      }
    }
  },
  "fusion": {
    "DT+RF": {
      "accuracy": 0.7835051546391752
    },
    "DT+SVM": {
      "accuracy": 0.7938144329896907
    },
    "DT+LR": {
      "accuracy": 0.7628865979381443
    },
    "RF+SVM": {
      "accuracy": 0.8814432989690721
    },
    "RF+LR": {
      "accuracy": 0.7731958762886598
    },
    "SVM+LR": {
      "accuracy": 0.865979381443299
    },
    "DT+RF+SVM": {
      "accuracy": 0.845360824742268
    },
    "DT+RF+LR": {
      "accuracy": 0.7731958762886598
    },
    "DT+SVM+LR": {
      "accuracy": 0.8041237113402062
    },
    "RF+SVM+LR": {
      "accuracy": 0.8247422680412371
    },
    "DT+RF+SVM+LR": {
      "accuracy": 0.8247422680412371
    }
  }
}