{
  "job": {
    "id": "tfidf_seed43_multilingual_combined_binary_en",
    "kind": "experiment",
    "seed": 43,
    "method": "tfidf",
    "training": "multi",
    "translated": "no",
    "task": "binary",
    "test_language": "en",
    "setting_name": "multilingual_combined"
  },
  "train_size": 2896,
  "test_size": 194,
  "train_label_dist": {
    "HC": 2082,
    "Dementia": 814
  },
  "test_label_dist": {
    "HC": 131,
    "Dementia": 63
  },
  "classifiers": {
    "DT": {
      "accuracy": 0.7577319587628866,
      "best_params": {
        "max_depth": 10
      }
    },
    "RF": {
      "accuracy": 0.8247422680412371,
      "best_params": {
        "n_estimators": 100
      }
    },
    "SVM": {
      "accuracy": 0.8917525773195877,
      "best_params": {
        "C": 10,
        "kernel": "rbf"
      }
    },
    "LR": {
      "accuracy": 0.8298969072164949,
      "best_params": {
        "C": 1
      }
    }
  },
  "fusion": {
    "DT+RF": {
      "accuracy": 0.7731958762886598
    },
    "DT+SVM": {
      "accuracy": 0.8092783505154639
    },
    "DT+LR": {
      "accuracy": 0.7835051546391752
    },
    "RF+SVM": {
      "accuracy": 0.8865979381443299
    },
    "RF+LR": {
      "accuracy": 0.8350515463917526
    },
    "SVM+LR": {
      "accuracy": 0.8865979381443299
    },
    "DT+RF+SVM": {
      "accuracy": 0.8608247422680413
    },
    "DT+RF+LR": {
      "accuracy": 0.8556701030927835
    },
    "DT+SVM+LR": {
      "accuracy": 0.8608247422680413
    },
    "RF+SVM+LR": {
      "accuracy": 0.865979381443299
    },
    "DT+RF+SVM+LR": {
      "accuracy": 0.8711340206185567
    }
  }
}