{
  "job": {
    "id": "tfidf_seed45_monolingual_binary_gr",
    "kind": "experiment",
    "seed": 45,
    "method": "tfidf",
    "training": "mono",
    "translated": "no",
    "task": "binary",
    "test_language": "gr",
    "setting_name": "monolingual"
  },
  "train_size": 172,
  "test_size": 43,
  "train_label_dist": {
    "Dementia": 106,
    "HC": 66
  },
  "test_label_dist": {
    "Dementia": 26,
    "HC": 17
  },
  "classifiers": {
    "DT": {
      "accuracy": 0.813953488372093,
      "best_params": {
        "max_depth": 20
      }
    },
    "RF": {
      "accuracy": 0.7441860465116279,
      "best_params": {
        "n_estimators": 100
      }
    },
    "SVM": {
      "accuracy": 0.813953488372093,
      "best_params": {
        "C": 1,
        "kernel": "linear"
      }
    },
    "LR": {
      "accuracy": 0.813953488372093,
      "best_params": {
        "C": 10
      }
    }
  },
  "fusion": {
    "DT+RF": {
      "accuracy": 0.813953488372093
    },
    "DT+SVM": {
      "accuracy": 0.813953488372093
    },
    "DT+LR": {
      "accuracy": 0.813953488372093
    },
    "RF+SVM": {
      "accuracy": 0.7906976744186046
    },
    "RF+LR": {
      "accuracy": 0.7906976744186046
    },
    "SVM+LR": {
      "accuracy": 0.8372093023255814
    },
    "DT+RF+SVM": {
      "accuracy": 0.813953488372093
    },
    "DT+RF+LR": {
      "accuracy": 0.813953488372093
    },
    "DT+SVM+LR": {
      "accuracy": 0.8372093023255814
    },
    "RF+SVM+LR": {
      "accuracy": 0.8372093023255814
    },
    "DT+RF+SVM+LR": {
      "accuracy": 0.8372093023255814
    }
  }
}