{
  "job": {
    "id": "tfidf_seed45_translated_combined_binary_en",
    "kind": "experiment",
    "seed": 45,
    "method": "tfidf",
    "training": "multi",
    "translated": "yes",
    "task": "binary",
    "test_language": "en",
    "setting_name": "translated_combined"
  },
  "train_size": 2896,
  "test_size": 194,
  "train_label_dist": {
    "HC": 2082,
    "Dementia": 814
  },
  "test_label_dist": {
    "HC": 131,
    "Dementia": 63
  },
  "classifiers": {
    "DT": {
      "accuracy": 0.7216494845360825,
      "best_params": {
        "max_depth": 20
      }
    },
    "RF": {
      "accuracy": 0.8247422680412371,
      "best_params": {
        "n_estimators": 100
      }
    },
    "SVM": {
      "accuracy": 0.8969072164948454,
      "best_params": {
        "C": 10,
        "kernel": "rbf"
      }
    },
    "LR": {
      "accuracy": 0.8350515463917526,
      "best_params": {
        "C": 1
      }
    }
  },
  "fusion": {
    "DT+RF": {
      "accuracy": 0.7216494845360825
    },
    "DT+SVM": {
      "accuracy": 0.7216494845360825
    },
    "DT+LR": {
      "accuracy": 0.7216494845360825
    },
    "RF+SVM": {
      "accuracy": 0.8608247422680413
    },
    "RF+LR": {
      "accuracy": 0.8505154639175257
    },
    "SVM+LR": {
      "accuracy": 0.8711340206185567
    },
    "DT+RF+SVM": {
      "accuracy": 0.8556701030927835
    },
    "DT+RF+LR": {
      "accuracy": 0.8195876288659794
    },
    "DT+SVM+LR": {
      "accuracy": 0.8505154639175257
    },
    "RF+SVM+LR": {
      "accuracy": 0.8556701030927835
    },
    "DT+RF+SVM+LR": {
      "accuracy": 0.8350515463917526
    }
  }
}