{
  "job": {
    "id": "tfidf_seed46_multilingual_combined_binary_gr",
    "kind": "experiment",
    "seed": 46,
    "method": "tfidf",
    "training": "multi",
    "translated": "no",
    "task": "binary",
    "test_language": "gr",
    "setting_name": "multilingual_combined"
  },
  "train_size": 2896,
  "test_size": 43,
  "train_label_dist": {
    "HC": 2082,
    "Dementia": 814
  },
  "test_label_dist": {
    "Dementia": 26,
    "HC": 17
  },
  "classifiers": {
    "DT": {
      "accuracy": 0.5116279069767442,
      "best_params": {
        "max_depth": 10
      }
    },
    "RF": {
      "accuracy": 0.627906976744186,
      "best_params": {
        "n_estimators": 50
      }
    },
    "SVM": {
      "accuracy": 0.6046511627906976,
      "best_params": {
        "C": 0.1,
        "kernel": "linear"
      }
    },
    "LR": {
      "accuracy": 0.7441860465116279,
      "best_params": {
        "C": 10
      }
    }
  },
  "fusion": {
    "DT+RF": {
      "accuracy": 0.5348837209302325
    },
    "DT+SVM": {
      "accuracy": 0.5116279069767442
    },
    "DT+LR": {
      "accuracy": 0.5581395348837209
    },
    "RF+SVM": {
      "accuracy": 0.6046511627906976
    },
    "RF+LR": {
      "accuracy": 0.6976744186046512
    },
    "SVM+LR": {
      "accuracy": 0.7441860465116279
    },
    "DT+RF+SVM": {
      "accuracy": 0.6046511627906976
    },
    "DT+RF+LR": {
      "accuracy": 0.6744186046511628
    },
    "DT+SVM+LR": {
      "accuracy": 0.6744186046511628
    },
    "RF+SVM+LR": {
      "accuracy": 0.6976744186046512
    },
    "DT+RF+SVM+LR": {
      "accuracy": 0.6511627906976745
    }
  }
}