{
  "job": {
    "id": "tfidf_seed46_monolingual_multiclass_en",
    "kind": "experiment",
    "seed": 46,
    "method": "tfidf",
    "training": "mono",
    "translated": "no",
    "task": "multiclass",
    "test_language": "en",
    "setting_name": "monolingual"
  },
  "train_size": 2449,
  "test_size": 272,
  "train_label_dist": {
    "HC": 1628,
    "Dementia": 512,
    "MCI": 309
  },
  "test_label_dist": {
    "HC": 131,
    "MCI": 78,
    "Dementia": 63
  },
  "classifiers": {
    "DT": {
      "accuracy": 0.5845588235294118,
      "best_params": {
        "max_depth": 10
      }
    },
    "RF": {
      "accuracy": 0.6286764705882353,
      "best_params": {
        "n_estimators": 200
      }
    },
    "SVM": {
      "accuracy": 0.7205882352941176,
      "best_params": {
        "C": 10,
        "kernel": "rbf"
      }
    },
    "LR": {
      "accuracy": 0.6286764705882353,
      "best_params": {
        "C": 1
      }
    }
  },
  "fusion": {
    "DT+RF": {
      "accuracy": 0.5845588235294118
    },
    "DT+SVM": {
      "accuracy": 0.6139705882352942
    },
    "DT+LR": {
      "accuracy": 0.5735294117647058
    },
    "RF+SVM": {
      "accuracy": 0.6838235294117647
    },
    "RF+LR": {
      "accuracy": 0.6507352941176471
    },
    "SVM+LR": {
      "accuracy": 0.6985294117647058
    },
    "DT+RF+SVM": {
      "accuracy": 0.6764705882352942
    },
    "DT+RF+LR": {
      "accuracy": 0.6433823529411765
    },
    "DT+SVM+LR": {
      "accuracy": 0.6838235294117647
    },
    "RF+SVM+LR": {
      "accuracy": 0.6654411764705882
    },
    "DT+RF+SVM+LR": {
      "accuracy": 0.6801470588235294
    }
  }
}