feature_group,f_score
pd,32.16610039026797
syn,30.652416643456075
rd,20.95961787787419
len,9.091796746660718
graph,7.719574328774712
pause,6.5703797344111585
sx,6.489875395706026
lex,5.4841566089231195
disc,4.867769841528957
par,3.010571115849791
ac,2.6508748850166755
fc,1.2575609500601597
