feature_group,importance_mean,importance_std
syn,0.008591885441526958,0.03437568969647749
sx,0.006682577565632241,0.015152559402056683
lex,0.005727923627684794,0.010465257430546021
pd,0.0038186157517897884,0.01798413852405966
disc,0.0023866348448686736,0.003018880821163123
pause,-0.0028639618138425194,0.00295520149382204
pr,-0.002863961813842919,0.018256538765592082
len,-0.0042959427207637235,0.006527189452556139
graph,-0.010501193317422497,0.005089872594060442
