feature_group,f_score
syn,165.4219413830235
len,83.42077627052232
disc,34.487995712482274
lex,18.625398944727923
graph,17.207893246982376
pause,7.314667315001899
ac,0.5433757881149316
