feature_name,importance_mean,importance_std,feature_group
rd_sequence_match_ratio,0.25302325581395346,0.047890667302331234,rd
rd_content_word_recall_ratio,0.05457364341085265,0.05130494697667847,rd
rd_repetition_ratio,0.024651162790697612,0.035096337408128134,rd
rd_reference_bigram_coverage,0.01224806201550388,0.036085750086333426,rd
rd_reference_order_score,-0.00868217054263567,0.016374030893064745,rd
rd_reference_token_coverage,-0.013023255813953494,0.02619833932894864,rd
rd_omission_ratio,-0.013023255813953494,0.02619833932894864,rd
rd_insertion_ratio,-0.020000000000000018,0.017909493430317714,rd
rd_prompt_similarity,-0.022325581395348838,0.020109668672360886,rd
