feature_group,permutation_importance_mean
disc,0.0033906899989686098
ac,0.002963796697681269
graph,0.0025198112558875055
len,0.0013837796953965864
syn,-0.0013221938957662725
pause,-0.0034806141919070306
lex,-0.0049741579858126736
