feature_group,f_score
lex,5.962351864875761
len,2.8128036983722433
disc,2.2848875124228396
syn,1.4676911295838615
