feature_group,permutation_importance_mean
lex,0.049545957918050935
syn,0.030465116279069764
disc,-0.010930232558139552
