feature_group,native_importance_abs
len,0.059017183974096006
disc,0.050016382061986574
syn,0.049869011369260065
lex,0.0461762881254326
missingindicator,0.017115824521394468
