feature_group,permutation_importance_mean
lex,0.01967213114754093
disc,0.014207650273223996
graph,0.0108196721311475
syn,0.0070877531340404615
len,0.007025761124121743
pause,0.0008196721311475363
