feature_name,f_score,p_value,rank_metric
pause_filled_per_100_words,0.01711659693416437,0.8960353076139391,0.01711659693416437
pause_filled_count,0.004771081879198455,0.944997538484612,0.004771081879198455
