feature_group,f_score
lex,14.917153301154444
disc,13.114029543096242
pause,8.433659353387622
syn,5.9029569833281
len,2.9135457324487315
