feature_group,permutation_importance_mean
lex,0.0031958762886597964
disc,0.002520045819014892
graph,0.0024329896907216543
syn,0.0019345057610673144
len,0.0018181818181818216
pause,7.27713765918736e-05
