feature_group,permutation_importance_mean
len,0.09331395348837207
disc,0.07687338501291986
lex,0.05312948607522249
syn,0.031653746770025824
