feature_group,f_score
lex,7.972393606354832
disc,2.8589730459319664
syn,2.236056610645227
len,1.7820120467070804
