feature_group,f_score
syn,165.4219413830235
len,130.22252936463283
disc,34.487995712482274
lex,18.62539894472792
