feature_group,permutation_importance_mean
len,0.003891080747636371
lex,0.002289232438922964
disc,0.002241798673009088
syn,-0.00015104550109892086
