feature_group,permutation_importance_mean
len,0.0298153993474252
lex,0.02853214995034762
syn,0.02168940401063528
disc,0.0059454355227692235
