feature_group,f_score
syn,57.34739156636476
len,21.190423672474687
lex,19.37174752774123
disc,5.257620942510884
