feature_group,native_importance_abs
len,0.4979762867659265
lex,0.42731467148985036
syn,0.37972993333015725
disc,0.08749126585915423
