feature_group,f_score
len,31.862312424771122
pause,17.420465597647677
