feature_group,permutation_importance_mean
len,0.024336283185840763
graph,0.0138439180982128
syn,0.013262101715686331
lex,0.010215707964601821
pause,0.007454251981028441
ac,0.004376764784755459
disc,0.0038407127846222613
