feature_group,native_importance_abs
len,0.42799823733726133
pause,0.3304574882636411
graph,0.2383823314752958
ac,0.22981932055972967
lex,0.19194219893625802
syn,0.18587745774603556
disc,0.09498452288779238
