feature_group,f_score
graph,29.69830067581127
len,15.045877847902995
syn,11.939211942055405
pause,8.812798315248193
disc,8.248526363811322
lex,4.601334870668571
ac,3.266559310267044
