feature_group,num_features,mean_available_fraction,mean_missing_fraction
ac,105,0.28180737217598095,0.7181926278240189
disc,9,1.0,0.08283789139912802
graph,6,1.0,3.963535473642489e-05
len,11,1.0,0.24680575072965086
lex,12,1.0,0.0005747126436781609
pause,17,1.0,0.564565992865636
syn,34,1.0,0.1807092397006365
