language_code,language,diagnosis,sample_id,group_id,dataset_name,mean_burden,score
en,English,AD,49cb3cc80fcf804c271a87fbbfb5584577bf3608,244,Pitt,5.959459459459461,0.825
en,English,HC,538aab5743c3558841d90159f981dfa24e113fc2,113,Pitt,90.6722972972973,0.03
zh,Chinese,AD,9d1c0f08d4452949d183b7c7af90d3f5f2ee2c31,AD_F_040366,NCMMSC2021_AD,23.576388888888893,0.6141988321966042
zh,Chinese,HC,185a929a5cece724e0fc640611cca2ebb084739d,HC_M_019205,NCMMSC2021_AD,85.34722222222221,0.014862527726019545
el,Greek,AD,bc4c08ee57181aa624d072ac81e3ab6d5a8f356b,ds3_patient_22,DS3,5.172413793103448,0.75
el,Greek,HC,7c466cfeb00b30a2c03a3216aefb503e0e43452b,madrs075,ADReSS-M,76.56449553001278,0.35
es,Spanish,AD,9efae2218d2b12e58fe22b75a0ae0f9beb2dd9ce,AD-M-84,Ivanova,7.623922413793103,0.525
es,Spanish,HC,1f5688d9cac5f949080d4271a4f44668f2bacaf4,HC-M-72,Ivanova,78.83890086206897,0.385
