model,variant,feature_subset,top_k,num_features,balanced_accuracy,precision,recall,specificity,macro_f1,auroc,auprc
dt,depth20,text_plus_pause_plus_acoustic,100,100,0.6909744903221371,0.6225490196078431,0.538135593220339,0.8438133874239351,0.6972807644222183,0.697137037164369,0.5097454649999162
lr,c1,all_universal,all,193,0.7470519476054596,0.623574144486692,0.6949152542372882,0.7991886409736308,0.7395019444519906,0.7924760202152166,0.6979723686116664
rf,n200,text_plus_pause_plus_acoustic,50,50,0.6794315329872451,0.9081632653061223,0.3771186440677966,0.9817444219066938,0.6970720480746692,0.8204997077732321,0.7556469865656151
svm,linear_c1,all_universal,50,50,0.7412374944133118,0.6007194244604317,0.7076271186440678,0.7748478701825557,0.7295637406845611,0.7971989204799395,0.6781611783192341
svm,rbf_c1,all_universal,50,50,0.7491018324337333,0.6740088105726872,0.6483050847457628,0.8498985801217038,0.7515590913530938,0.8179470210059476,0.7364120949629462
