{
  "run_name": "language_en_cookie_theft_phase2",
  "n_rows": 1942,
  "n_groups": 1711,
  "train_rows": 1544,
  "test_rows": 398,
  "train_groups": 1368,
  "test_groups": 343,
  "class_counts": {
    "0.0": 1405,
    "1.0": 537
  },
  "test_class_counts": {
    "0.0": 292,
    "1.0": 106
  },
  "primary_selection_metric": "raw accuracy",
  "best_model": {
    "run_name": "language_en_cookie_theft_phase2",
    "subset_name": "rich_universal",
    "top_k": 100,
    "num_selected_features": 100,
    "model_family": "rf",
    "model_variant": "n200",
    "accuracy": 0.8417085427135679,
    "balanced_accuracy": 0.7088394934091496,
    "macro_f1": 0.745128533528497,
    "sensitivity": 0.42452830188679247,
    "specificity": 0.9931506849315068,
    "precision": 0.9574468085106383,
    "auroc": 0.809463039545102,
    "auprc": 0.7259927162665992
  }
}