{
  "job": {
    "id": "e5_seed42_translated_combined_multiclass_spa",
    "kind": "experiment",
    "seed": 42,
    "method": "e5",
    "training": "multi",
    "translated": "yes",
    "task": "multiclass",
    "test_language": "spa",
    "setting_name": "translated_combined"
  },
  "train_size": 3573,
  "test_size": 76,
  "train_label_dist": {
    "HC": 2082,
    "Dementia": 814,
    "MCI": 677
  },
  "test_label_dist": {
    "HC": 39,
    "Dementia": 20,
    "MCI": 17
  },
  "classifiers": {
    "DT": {
      "accuracy": 0.42105263157894735,
      "best_params": {
        "max_depth": 10
      }
    },
    "RF": {
      "accuracy": 0.5131578947368421,
      "best_params": {
        "n_estimators": 100
      }
    },
    "SVM": {
      "accuracy": 0.23684210526315788,
      "best_params": {
        "C": 1,
        "kernel": "rbf"
      }
    },
    "LR": {
      "accuracy": 0.5526315789473685,
      "best_params": {
        "C": 10
      }
    }
  },
  "fusion": {
    "DT+RF": {
      "accuracy": 0.4342105263157895
    },
    "DT+SVM": {
      "accuracy": 0.40789473684210525
    },
    "DT+LR": {
      "accuracy": 0.42105263157894735
    },
    "RF+SVM": {
      "accuracy": 0.4868421052631579
    },
    "RF+LR": {
      "accuracy": 0.5131578947368421
    },
    "SVM+LR": {
      "accuracy": 0.5263157894736842
    },
    "DT+RF+SVM": {
      "accuracy": 0.4342105263157895
    },
    "DT+RF+LR": {
      "accuracy": 0.5526315789473685
    },
    "DT+SVM+LR": {
      "accuracy": 0.4473684210526316
    },
    "RF+SVM+LR": {
      "accuracy": 0.5131578947368421
    },
    "DT+RF+SVM+LR": {
      "accuracy": 0.5131578947368421
    }
  }
}