{
  "job": {
    "id": "e5_seed42_monolingual_multiclass_cha",
    "kind": "experiment",
    "seed": 42,
    "method": "e5",
    "training": "mono",
    "translated": "no",
    "task": "multiclass",
    "test_language": "cha",
    "setting_name": "monolingual"
  },
  "train_size": 610,
  "test_size": 153,
  "train_label_dist": {
    "MCI": 259,
    "HC": 232,
    "Dementia": 119
  },
  "test_label_dist": {
    "MCI": 65,
    "HC": 58,
    "Dementia": 30
  },
  "classifiers": {
    "DT": {
      "accuracy": 0.43790849673202614,
      "best_params": {
        "max_depth": 10
      }
    },
    "RF": {
      "accuracy": 0.6013071895424836,
      "best_params": {
        "n_estimators": 200
      }
    },
    "SVM": {
      "accuracy": 0.5686274509803921,
      "best_params": {
        "C": 10,
        "kernel": "linear"
      }
    },
    "LR": {
      "accuracy": 0.6405228758169934,
      "best_params": {
        "C": 10
      }
    }
  },
  "fusion": {
    "DT+RF": {
      "accuracy": 0.43790849673202614
    },
    "DT+SVM": {
      "accuracy": 0.43790849673202614
    },
    "DT+LR": {
      "accuracy": 0.43790849673202614
    },
    "RF+SVM": {
      "accuracy": 0.6470588235294118
    },
    "RF+LR": {
      "accuracy": 0.6405228758169934
    },
    "SVM+LR": {
      "accuracy": 0.6209150326797386
    },
    "DT+RF+SVM": {
      "accuracy": 0.5490196078431373
    },
    "DT+RF+LR": {
      "accuracy": 0.5816993464052288
    },
    "DT+SVM+LR": {
      "accuracy": 0.6013071895424836
    },
    "RF+SVM+LR": {
      "accuracy": 0.6535947712418301
    },
    "DT+RF+SVM+LR": {
      "accuracy": 0.5686274509803921
    }
  }
}