{
  "job": {
    "id": "e5_seed44_multilingual_combined_multiclass_cha",
    "kind": "experiment",
    "seed": 44,
    "method": "e5",
    "training": "multi",
    "translated": "no",
    "task": "multiclass",
    "test_language": "cha",
    "setting_name": "multilingual_combined"
  },
  "train_size": 3573,
  "test_size": 153,
  "train_label_dist": {
    "HC": 2082,
    "Dementia": 814,
    "MCI": 677
  },
  "test_label_dist": {
    "MCI": 65,
    "HC": 58,
    "Dementia": 30
  },
  "classifiers": {
    "DT": {
      "accuracy": 0.42483660130718953,
      "best_params": {
        "max_depth": 10
      }
    },
    "RF": {
      "accuracy": 0.5294117647058824,
      "best_params": {
        "n_estimators": 50
      }
    },
    "SVM": {
      "accuracy": 0.49673202614379086,
      "best_params": {
        "C": 1,
        "kernel": "linear"
      }
    },
    "LR": {
      "accuracy": 0.6470588235294118,
      "best_params": {
        "C": 10
      }
    }
  },
  "fusion": {
    "DT+RF": {
      "accuracy": 0.41830065359477125
    },
    "DT+SVM": {
      "accuracy": 0.41830065359477125
    },
    "DT+LR": {
      "accuracy": 0.46405228758169936
    },
    "RF+SVM": {
      "accuracy": 0.6078431372549019
    },
    "RF+LR": {
      "accuracy": 0.6274509803921569
    },
    "SVM+LR": {
      "accuracy": 0.6405228758169934
    },
    "DT+RF+SVM": {
      "accuracy": 0.49673202614379086
    },
    "DT+RF+LR": {
      "accuracy": 0.5555555555555556
    },
    "DT+SVM+LR": {
      "accuracy": 0.5555555555555556
    },
    "RF+SVM+LR": {
      "accuracy": 0.5882352941176471
    },
    "DT+RF+SVM+LR": {
      "accuracy": 0.5686274509803921
    }
  }
}