{
  "job": {
    "id": "e5_seed43_multilingual_combined_multiclass_cha",
    "kind": "experiment",
    "seed": 43,
    "method": "e5",
    "training": "multi",
    "translated": "no",
    "task": "multiclass",
    "test_language": "cha",
    "setting_name": "multilingual_combined"
  },
  "train_size": 3573,
  "test_size": 153,
  "train_label_dist": {
    "HC": 2082,
    "Dementia": 814,
    "MCI": 677
  },
  "test_label_dist": {
    "MCI": 65,
    "HC": 58,
    "Dementia": 30
  },
  "classifiers": {
    "DT": {
      "accuracy": 0.4117647058823529,
      "best_params": {
        "max_depth": 20
      }
    },
    "RF": {
      "accuracy": 0.5032679738562091,
      "best_params": {
        "n_estimators": 50
      }
    },
    "SVM": {
      "accuracy": 0.48366013071895425,
      "best_params": {
        "C": 1,
        "kernel": "linear"
      }
    },
    "LR": {
      "accuracy": 0.6078431372549019,
      "best_params": {
        "C": 10
      }
    }
  },
  "fusion": {
    "DT+RF": {
      "accuracy": 0.4117647058823529
    },
    "DT+SVM": {
      "accuracy": 0.4117647058823529
    },
    "DT+LR": {
      "accuracy": 0.4117647058823529
    },
    "RF+SVM": {
      "accuracy": 0.5294117647058824
    },
    "RF+LR": {
      "accuracy": 0.5882352941176471
    },
    "SVM+LR": {
      "accuracy": 0.6013071895424836
    },
    "DT+RF+SVM": {
      "accuracy": 0.43137254901960786
    },
    "DT+RF+LR": {
      "accuracy": 0.49673202614379086
    },
    "DT+SVM+LR": {
      "accuracy": 0.5163398692810458
    },
    "RF+SVM+LR": {
      "accuracy": 0.5816993464052288
    },
    "DT+RF+SVM+LR": {
      "accuracy": 0.5032679738562091
    }
  }
}