{
  "job": {
    "id": "e5_seed45_monolingual_binary_spa",
    "kind": "experiment",
    "seed": 45,
    "method": "e5",
    "training": "mono",
    "translated": "no",
    "task": "binary",
    "test_language": "spa",
    "setting_name": "monolingual"
  },
  "train_size": 233,
  "test_size": 59,
  "train_label_dist": {
    "HC": 156,
    "Dementia": 77
  },
  "test_label_dist": {
    "HC": 39,
    "Dementia": 20
  },
  "classifiers": {
    "DT": {
      "accuracy": 0.6610169491525424,
      "best_params": {
        "max_depth": 10
      }
    },
    "RF": {
      "accuracy": 0.7627118644067796,
      "best_params": {
        "n_estimators": 200
      }
    },
    "SVM": {
      "accuracy": 0.7966101694915254,
      "best_params": {
        "C": 1,
        "kernel": "linear"
      }
    },
    "LR": {
      "accuracy": 0.7796610169491526,
      "best_params": {
        "C": 1
      }
    }
  },
  "fusion": {
    "DT+RF": {
      "accuracy": 0.6610169491525424
    },
    "DT+SVM": {
      "accuracy": 0.6610169491525424
    },
    "DT+LR": {
      "accuracy": 0.6610169491525424
    },
    "RF+SVM": {
      "accuracy": 0.7627118644067796
    },
    "RF+LR": {
      "accuracy": 0.7966101694915254
    },
    "SVM+LR": {
      "accuracy": 0.7966101694915254
    },
    "DT+RF+SVM": {
      "accuracy": 0.8135593220338984
    },
    "DT+RF+LR": {
      "accuracy": 0.8135593220338984
    },
    "DT+SVM+LR": {
      "accuracy": 0.7966101694915254
    },
    "RF+SVM+LR": {
      "accuracy": 0.7966101694915254
    },
    "DT+RF+SVM+LR": {
      "accuracy": 0.8135593220338984
    }
  }
}