{
  "job": {
    "id": "e5_seed44_multilingual_combined_binary_en",
    "kind": "experiment",
    "seed": 44,
    "method": "e5",
    "training": "multi",
    "translated": "no",
    "task": "binary",
    "test_language": "en",
    "setting_name": "multilingual_combined"
  },
  "train_size": 2896,
  "test_size": 194,
  "train_label_dist": {
    "HC": 2082,
    "Dementia": 814
  },
  "test_label_dist": {
    "HC": 131,
    "Dementia": 63
  },
  "classifiers": {
    "DT": {
      "accuracy": 0.7422680412371134,
      "best_params": {
        "max_depth": 10
      }
    },
    "RF": {
      "accuracy": 0.7783505154639175,
      "best_params": {
        "n_estimators": 200
      }
    },
    "SVM": {
      "accuracy": 0.8762886597938144,
      "best_params": {
        "C": 10,
        "kernel": "rbf"
      }
    },
    "LR": {
      "accuracy": 0.6752577319587629,
      "best_params": {
        "C": 0.1
      }
    }
  },
  "fusion": {
    "DT+RF": {
      "accuracy": 0.7422680412371134
    },
    "DT+SVM": {
      "accuracy": 0.7577319587628866
    },
    "DT+LR": {
      "accuracy": 0.7422680412371134
    },
    "RF+SVM": {
      "accuracy": 0.8711340206185567
    },
    "RF+LR": {
      "accuracy": 0.6907216494845361
    },
    "SVM+LR": {
      "accuracy": 0.7731958762886598
    },
    "DT+RF+SVM": {
      "accuracy": 0.8247422680412371
    },
    "DT+RF+LR": {
      "accuracy": 0.7474226804123711
    },
    "DT+SVM+LR": {
      "accuracy": 0.7938144329896907
    },
    "RF+SVM+LR": {
      "accuracy": 0.7783505154639175
    },
    "DT+RF+SVM+LR": {
      "accuracy": 0.7938144329896907
    }
  }
}