{
  "job": {
    "id": "e5_seed46_monolingual_binary_en",
    "kind": "experiment",
    "seed": 46,
    "method": "e5",
    "training": "mono",
    "translated": "no",
    "task": "binary",
    "test_language": "en",
    "setting_name": "monolingual"
  },
  "train_size": 2140,
  "test_size": 194,
  "train_label_dist": {
    "HC": 1628,
    "Dementia": 512
  },
  "test_label_dist": {
    "HC": 131,
    "Dementia": 63
  },
  "classifiers": {
    "DT": {
      "accuracy": 0.7216494845360825,
      "best_params": {
        "max_depth": 10
      }
    },
    "RF": {
      "accuracy": 0.788659793814433,
      "best_params": {
        "n_estimators": 100
      }
    },
    "SVM": {
      "accuracy": 0.7577319587628866,
      "best_params": {
        "C": 1,
        "kernel": "linear"
      }
    },
    "LR": {
      "accuracy": 0.8092783505154639,
      "best_params": {
        "C": 10
      }
    }
  },
  "fusion": {
    "DT+RF": {
      "accuracy": 0.7216494845360825
    },
    "DT+SVM": {
      "accuracy": 0.7216494845360825
    },
    "DT+LR": {
      "accuracy": 0.7216494845360825
    },
    "RF+SVM": {
      "accuracy": 0.8247422680412371
    },
    "RF+LR": {
      "accuracy": 0.7989690721649485
    },
    "SVM+LR": {
      "accuracy": 0.8298969072164949
    },
    "DT+RF+SVM": {
      "accuracy": 0.7783505154639175
    },
    "DT+RF+LR": {
      "accuracy": 0.8092783505154639
    },
    "DT+SVM+LR": {
      "accuracy": 0.8092783505154639
    },
    "RF+SVM+LR": {
      "accuracy": 0.8505154639175257
    },
    "DT+RF+SVM+LR": {
      "accuracy": 0.8144329896907216
    }
  }
}