{
  "job": {
    "id": "e5_seed46_translated_combined_multiclass_en",
    "kind": "experiment",
    "seed": 46,
    "method": "e5",
    "training": "multi",
    "translated": "yes",
    "task": "multiclass",
    "test_language": "en",
    "setting_name": "translated_combined"
  },
  "train_size": 3573,
  "test_size": 272,
  "train_label_dist": {
    "HC": 2082,
    "Dementia": 814,
    "MCI": 677
  },
  "test_label_dist": {
    "HC": 131,
    "MCI": 78,
    "Dementia": 63
  },
  "classifiers": {
    "DT": {
      "accuracy": 0.4522058823529412,
      "best_params": {
        "max_depth": 10
      }
    },
    "RF": {
      "accuracy": 0.6176470588235294,
      "best_params": {
        "n_estimators": 200
      }
    },
    "SVM": {
      "accuracy": 0.47794117647058826,
      "best_params": {
        "C": 1,
        "kernel": "linear"
      }
    },
    "LR": {
      "accuracy": 0.6102941176470589,
      "best_params": {
        "C": 10
      }
    }
  },
  "fusion": {
    "DT+RF": {
      "accuracy": 0.4485294117647059
    },
    "DT+SVM": {
      "accuracy": 0.4522058823529412
    },
    "DT+LR": {
      "accuracy": 0.4522058823529412
    },
    "RF+SVM": {
      "accuracy": 0.6176470588235294
    },
    "RF+LR": {
      "accuracy": 0.6397058823529411
    },
    "SVM+LR": {
      "accuracy": 0.6176470588235294
    },
    "DT+RF+SVM": {
      "accuracy": 0.5551470588235294
    },
    "DT+RF+LR": {
      "accuracy": 0.5845588235294118
    },
    "DT+SVM+LR": {
      "accuracy": 0.5661764705882353
    },
    "RF+SVM+LR": {
      "accuracy": 0.6213235294117647
    },
    "DT+RF+SVM+LR": {
      "accuracy": 0.5661764705882353
    }
  }
}