{
  "job": {
    "id": "e5_seed43_translated_combined_binary_en",
    "kind": "experiment",
    "seed": 43,
    "method": "e5",
    "training": "multi",
    "translated": "yes",
    "task": "binary",
    "test_language": "en",
    "setting_name": "translated_combined"
  },
  "train_size": 2896,
  "test_size": 194,
  "train_label_dist": {
    "HC": 2082,
    "Dementia": 814
  },
  "test_label_dist": {
    "HC": 131,
    "Dementia": 63
  },
  "classifiers": {
    "DT": {
      "accuracy": 0.7474226804123711,
      "best_params": {
        "max_depth": 10
      }
    },
    "RF": {
      "accuracy": 0.788659793814433,
      "best_params": {
        "n_estimators": 200
      }
    },
    "SVM": {
      "accuracy": 0.865979381443299,
      "best_params": {
        "C": 10,
        "kernel": "rbf"
      }
    },
    "LR": {
      "accuracy": 0.6752577319587629,
      "best_params": {
        "C": 0.1
      }
    }
  },
  "fusion": {
    "DT+RF": {
      "accuracy": 0.7525773195876289
    },
    "DT+SVM": {
      "accuracy": 0.7525773195876289
    },
    "DT+LR": {
      "accuracy": 0.7525773195876289
    },
    "RF+SVM": {
      "accuracy": 0.8711340206185567
    },
    "RF+LR": {
      "accuracy": 0.7061855670103093
    },
    "SVM+LR": {
      "accuracy": 0.7938144329896907
    },
    "DT+RF+SVM": {
      "accuracy": 0.8402061855670103
    },
    "DT+RF+LR": {
      "accuracy": 0.7474226804123711
    },
    "DT+SVM+LR": {
      "accuracy": 0.7989690721649485
    },
    "RF+SVM+LR": {
      "accuracy": 0.788659793814433
    },
    "DT+RF+SVM+LR": {
      "accuracy": 0.7989690721649485
    }
  }
}