{
  "job": {
    "id": "e5_seed43_translated_combined_binary_spa",
    "kind": "experiment",
    "seed": 43,
    "method": "e5",
    "training": "multi",
    "translated": "yes",
    "task": "binary",
    "test_language": "spa",
    "setting_name": "translated_combined"
  },
  "train_size": 2896,
  "test_size": 59,
  "train_label_dist": {
    "HC": 2082,
    "Dementia": 814
  },
  "test_label_dist": {
    "HC": 39,
    "Dementia": 20
  },
  "classifiers": {
    "DT": {
      "accuracy": 0.6610169491525424,
      "best_params": {
        "max_depth": 10
      }
    },
    "RF": {
      "accuracy": 0.7627118644067796,
      "best_params": {
        "n_estimators": 200
      }
    },
    "SVM": {
      "accuracy": 0.7796610169491526,
      "best_params": {
        "C": 10,
        "kernel": "rbf"
      }
    },
    "LR": {
      "accuracy": 0.6610169491525424,
      "best_params": {
        "C": 0.1
      }
    }
  },
  "fusion": {
    "DT+RF": {
      "accuracy": 0.6610169491525424
    },
    "DT+SVM": {
      "accuracy": 0.6779661016949152
    },
    "DT+LR": {
      "accuracy": 0.6610169491525424
    },
    "RF+SVM": {
      "accuracy": 0.7796610169491526
    },
    "RF+LR": {
      "accuracy": 0.7457627118644068
    },
    "SVM+LR": {
      "accuracy": 0.7457627118644068
    },
    "DT+RF+SVM": {
      "accuracy": 0.7457627118644068
    },
    "DT+RF+LR": {
      "accuracy": 0.711864406779661
    },
    "DT+SVM+LR": {
      "accuracy": 0.7457627118644068
    },
    "RF+SVM+LR": {
      "accuracy": 0.7796610169491526
    },
    "DT+RF+SVM+LR": {
      "accuracy": 0.7288135593220338
    }
  }
}