{
  "job": {
    "id": "e5_seed43_translated_combined_multiclass_cha",
    "kind": "experiment",
    "seed": 43,
    "method": "e5",
    "training": "multi",
    "translated": "yes",
    "task": "multiclass",
    "test_language": "cha",
    "setting_name": "translated_combined"
  },
  "train_size": 3573,
  "test_size": 153,
  "train_label_dist": {
    "HC": 2082,
    "Dementia": 814,
    "MCI": 677
  },
  "test_label_dist": {
    "MCI": 65,
    "HC": 58,
    "Dementia": 30
  },
  "classifiers": {
    "DT": {
      "accuracy": 0.40522875816993464,
      "best_params": {
        "max_depth": 10
      }
    },
    "RF": {
      "accuracy": 0.46405228758169936,
      "best_params": {
        "n_estimators": 50
      }
    },
    "SVM": {
      "accuracy": 0.5816993464052288,
      "best_params": {
        "C": 1,
        "kernel": "rbf"
      }
    },
    "LR": {
      "accuracy": 0.5947712418300654,
      "best_params": {
        "C": 10
      }
    }
  },
  "fusion": {
    "DT+RF": {
      "accuracy": 0.40522875816993464
    },
    "DT+SVM": {
      "accuracy": 0.4117647058823529
    },
    "DT+LR": {
      "accuracy": 0.41830065359477125
    },
    "RF+SVM": {
      "accuracy": 0.49673202614379086
    },
    "RF+LR": {
      "accuracy": 0.5686274509803921
    },
    "SVM+LR": {
      "accuracy": 0.6013071895424836
    },
    "DT+RF+SVM": {
      "accuracy": 0.49019607843137253
    },
    "DT+RF+LR": {
      "accuracy": 0.5359477124183006
    },
    "DT+SVM+LR": {
      "accuracy": 0.5686274509803921
    },
    "RF+SVM+LR": {
      "accuracy": 0.5555555555555556
    },
    "DT+RF+SVM+LR": {
      "accuracy": 0.5555555555555556
    }
  }
}