{
  "job": {
    "id": "e5_seed42_translated_combined_binary_en",
    "kind": "experiment",
    "seed": 42,
    "method": "e5",
    "training": "multi",
    "translated": "yes",
    "task": "binary",
    "test_language": "en",
    "setting_name": "translated_combined"
  },
  "train_size": 2896,
  "test_size": 194,
  "train_label_dist": {
    "HC": 2082,
    "Dementia": 814
  },
  "test_label_dist": {
    "HC": 131,
    "Dementia": 63
  },
  "classifiers": {
    "DT": {
      "accuracy": 0.7577319587628866,
      "best_params": {
        "max_depth": 10
      }
    },
    "RF": {
      "accuracy": 0.788659793814433,
      "best_params": {
        "n_estimators": 100
      }
    },
    "SVM": {
      "accuracy": 0.788659793814433,
      "best_params": {
        "C": 10,
        "kernel": "rbf"
      }
    },
    "LR": {
      "accuracy": 0.6752577319587629,
      "best_params": {
        "C": 0.1
      }
    }
  },
  "fusion": {
    "DT+RF": {
      "accuracy": 0.7577319587628866
    },
    "DT+SVM": {
      "accuracy": 0.7577319587628866
    },
    "DT+LR": {
      "accuracy": 0.7577319587628866
    },
    "RF+SVM": {
      "accuracy": 0.8402061855670103
    },
    "RF+LR": {
      "accuracy": 0.6855670103092784
    },
    "SVM+LR": {
      "accuracy": 0.7680412371134021
    },
    "DT+RF+SVM": {
      "accuracy": 0.7938144329896907
    },
    "DT+RF+LR": {
      "accuracy": 0.7731958762886598
    },
    "DT+SVM+LR": {
      "accuracy": 0.7783505154639175
    },
    "RF+SVM+LR": {
      "accuracy": 0.788659793814433
    },
    "DT+RF+SVM+LR": {
      "accuracy": 0.788659793814433
    }
  }
}