{
  "job": {
    "id": "e5_seed45_translated_combined_binary_en",
    "kind": "experiment",
    "seed": 45,
    "method": "e5",
    "training": "multi",
    "translated": "yes",
    "task": "binary",
    "test_language": "en",
    "setting_name": "translated_combined"
  },
  "train_size": 2896,
  "test_size": 194,
  "train_label_dist": {
    "HC": 2082,
    "Dementia": 814
  },
  "test_label_dist": {
    "HC": 131,
    "Dementia": 63
  },
  "classifiers": {
    "DT": {
      "accuracy": 0.7628865979381443,
      "best_params": {
        "max_depth": 10
      }
    },
    "RF": {
      "accuracy": 0.7989690721649485,
      "best_params": {
        "n_estimators": 50
      }
    },
    "SVM": {
      "accuracy": 0.8195876288659794,
      "best_params": {
        "C": 10,
        "kernel": "linear"
      }
    },
    "LR": {
      "accuracy": 0.6752577319587629,
      "best_params": {
        "C": 0.1
      }
    }
  },
  "fusion": {
    "DT+RF": {
      "accuracy": 0.7783505154639175
    },
    "DT+SVM": {
      "accuracy": 0.7783505154639175
    },
    "DT+LR": {
      "accuracy": 0.7783505154639175
    },
    "RF+SVM": {
      "accuracy": 0.8556701030927835
    },
    "RF+LR": {
      "accuracy": 0.6958762886597938
    },
    "SVM+LR": {
      "accuracy": 0.7938144329896907
    },
    "DT+RF+SVM": {
      "accuracy": 0.845360824742268
    },
    "DT+RF+LR": {
      "accuracy": 0.7680412371134021
    },
    "DT+SVM+LR": {
      "accuracy": 0.8092783505154639
    },
    "RF+SVM+LR": {
      "accuracy": 0.8041237113402062
    },
    "DT+RF+SVM+LR": {
      "accuracy": 0.8144329896907216
    }
  }
}