{
  "job": {
    "id": "e5_seed42_multilingual_combined_multiclass_cha",
    "kind": "experiment",
    "seed": 42,
    "method": "e5",
    "training": "multi",
    "translated": "no",
    "task": "multiclass",
    "test_language": "cha",
    "setting_name": "multilingual_combined"
  },
  "train_size": 3573,
  "test_size": 153,
  "train_label_dist": {
    "HC": 2082,
    "Dementia": 814,
    "MCI": 677
  },
  "test_label_dist": {
    "MCI": 65,
    "HC": 58,
    "Dementia": 30
  },
  "classifiers": {
    "DT": {
      "accuracy": 0.42483660130718953,
      "best_params": {
        "max_depth": 10
      }
    },
    "RF": {
      "accuracy": 0.5490196078431373,
      "best_params": {
        "n_estimators": 50
      }
    },
    "SVM": {
      "accuracy": 0.46405228758169936,
      "best_params": {
        "C": 1,
        "kernel": "linear"
      }
    },
    "LR": {
      "accuracy": 0.5751633986928104,
      "best_params": {
        "C": 10
      }
    }
  },
  "fusion": {
    "DT+RF": {
      "accuracy": 0.4444444444444444
    },
    "DT+SVM": {
      "accuracy": 0.43137254901960786
    },
    "DT+LR": {
      "accuracy": 0.45751633986928103
    },
    "RF+SVM": {
      "accuracy": 0.5751633986928104
    },
    "RF+LR": {
      "accuracy": 0.6078431372549019
    },
    "SVM+LR": {
      "accuracy": 0.5882352941176471
    },
    "DT+RF+SVM": {
      "accuracy": 0.5424836601307189
    },
    "DT+RF+LR": {
      "accuracy": 0.5620915032679739
    },
    "DT+SVM+LR": {
      "accuracy": 0.5294117647058824
    },
    "RF+SVM+LR": {
      "accuracy": 0.5751633986928104
    },
    "DT+RF+SVM+LR": {
      "accuracy": 0.5424836601307189
    }
  }
}