{
  "job": {
    "id": "e5_seed44_translated_combined_multiclass_cha",
    "kind": "experiment",
    "seed": 44,
    "method": "e5",
    "training": "multi",
    "translated": "yes",
    "task": "multiclass",
    "test_language": "cha",
    "setting_name": "translated_combined"
  },
  "train_size": 3573,
  "test_size": 153,
  "train_label_dist": {
    "HC": 2082,
    "Dementia": 814,
    "MCI": 677
  },
  "test_label_dist": {
    "MCI": 65,
    "HC": 58,
    "Dementia": 30
  },
  "classifiers": {
    "DT": {
      "accuracy": 0.41830065359477125,
      "best_params": {
        "max_depth": 10
      }
    },
    "RF": {
      "accuracy": 0.6143790849673203,
      "best_params": {
        "n_estimators": 100
      }
    },
    "SVM": {
      "accuracy": 0.5620915032679739,
      "best_params": {
        "C": 1,
        "kernel": "rbf"
      }
    },
    "LR": {
      "accuracy": 0.6666666666666666,
      "best_params": {
        "C": 10
      }
    }
  },
  "fusion": {
    "DT+RF": {
      "accuracy": 0.41830065359477125
    },
    "DT+SVM": {
      "accuracy": 0.42483660130718953
    },
    "DT+LR": {
      "accuracy": 0.42483660130718953
    },
    "RF+SVM": {
      "accuracy": 0.6209150326797386
    },
    "RF+LR": {
      "accuracy": 0.6209150326797386
    },
    "SVM+LR": {
      "accuracy": 0.6601307189542484
    },
    "DT+RF+SVM": {
      "accuracy": 0.5163398692810458
    },
    "DT+RF+LR": {
      "accuracy": 0.6078431372549019
    },
    "DT+SVM+LR": {
      "accuracy": 0.5816993464052288
    },
    "RF+SVM+LR": {
      "accuracy": 0.673202614379085
    },
    "DT+RF+SVM+LR": {
      "accuracy": 0.5947712418300654
    }
  }
}