{
  "job": {
    "id": "e5_seed43_multilingual_combined_multiclass_en",
    "kind": "experiment",
    "seed": 43,
    "method": "e5",
    "training": "multi",
    "translated": "no",
    "task": "multiclass",
    "test_language": "en",
    "setting_name": "multilingual_combined"
  },
  "train_size": 3573,
  "test_size": 272,
  "train_label_dist": {
    "HC": 2082,
    "Dementia": 814,
    "MCI": 677
  },
  "test_label_dist": {
    "HC": 131,
    "MCI": 78,
    "Dementia": 63
  },
  "classifiers": {
    "DT": {
      "accuracy": 0.5220588235294118,
      "best_params": {
        "max_depth": 20
      }
    },
    "RF": {
      "accuracy": 0.6102941176470589,
      "best_params": {
        "n_estimators": 50
      }
    },
    "SVM": {
      "accuracy": 0.5367647058823529,
      "best_params": {
        "C": 1,
        "kernel": "linear"
      }
    },
    "LR": {
      "accuracy": 0.6654411764705882,
      "best_params": {
        "C": 10
      }
    }
  },
  "fusion": {
    "DT+RF": {
      "accuracy": 0.5220588235294118
    },
    "DT+SVM": {
      "accuracy": 0.5220588235294118
    },
    "DT+LR": {
      "accuracy": 0.5220588235294118
    },
    "RF+SVM": {
      "accuracy": 0.6213235294117647
    },
    "RF+LR": {
      "accuracy": 0.6580882352941176
    },
    "SVM+LR": {
      "accuracy": 0.6691176470588235
    },
    "DT+RF+SVM": {
      "accuracy": 0.6213235294117647
    },
    "DT+RF+LR": {
      "accuracy": 0.6323529411764706
    },
    "DT+SVM+LR": {
      "accuracy": 0.6580882352941176
    },
    "RF+SVM+LR": {
      "accuracy": 0.6727941176470589
    },
    "DT+RF+SVM+LR": {
      "accuracy": 0.6397058823529411
    }
  }
}