{
  "job": {
    "id": "e5_seed42_translated_combined_multiclass_en",
    "kind": "experiment",
    "seed": 42,
    "method": "e5",
    "training": "multi",
    "translated": "yes",
    "task": "multiclass",
    "test_language": "en",
    "setting_name": "translated_combined"
  },
  "train_size": 3573,
  "test_size": 272,
  "train_label_dist": {
    "HC": 2082,
    "Dementia": 814,
    "MCI": 677
  },
  "test_label_dist": {
    "HC": 131,
    "MCI": 78,
    "Dementia": 63
  },
  "classifiers": {
    "DT": {
      "accuracy": 0.4742647058823529,
      "best_params": {
        "max_depth": 10
      }
    },
    "RF": {
      "accuracy": 0.5955882352941176,
      "best_params": {
        "n_estimators": 100
      }
    },
    "SVM": {
      "accuracy": 0.5404411764705882,
      "best_params": {
        "C": 1,
        "kernel": "rbf"
      }
    },
    "LR": {
      "accuracy": 0.6360294117647058,
      "best_params": {
        "C": 10
      }
    }
  },
  "fusion": {
    "DT+RF": {
      "accuracy": 0.4852941176470588
    },
    "DT+SVM": {
      "accuracy": 0.4742647058823529
    },
    "DT+LR": {
      "accuracy": 0.4963235294117647
    },
    "RF+SVM": {
      "accuracy": 0.6066176470588235
    },
    "RF+LR": {
      "accuracy": 0.6507352941176471
    },
    "SVM+LR": {
      "accuracy": 0.6176470588235294
    },
    "DT+RF+SVM": {
      "accuracy": 0.5698529411764706
    },
    "DT+RF+LR": {
      "accuracy": 0.6029411764705882
    },
    "DT+SVM+LR": {
      "accuracy": 0.6029411764705882
    },
    "RF+SVM+LR": {
      "accuracy": 0.6286764705882353
    },
    "DT+RF+SVM+LR": {
      "accuracy": 0.6139705882352942
    }
  }
}