{
  "job": {
    "id": "e5_seed46_monolingual_multiclass_cha",
    "kind": "experiment",
    "seed": 46,
    "method": "e5",
    "training": "mono",
    "translated": "no",
    "task": "multiclass",
    "test_language": "cha",
    "setting_name": "monolingual"
  },
  "train_size": 610,
  "test_size": 153,
  "train_label_dist": {
    "MCI": 259,
    "HC": 232,
    "Dementia": 119
  },
  "test_label_dist": {
    "MCI": 65,
    "HC": 58,
    "Dementia": 30
  },
  "classifiers": {
    "DT": {
      "accuracy": 0.5359477124183006,
      "best_params": {
        "max_depth": 20
      }
    },
    "RF": {
      "accuracy": 0.5620915032679739,
      "best_params": {
        "n_estimators": 200
      }
    },
    "SVM": {
      "accuracy": 0.5686274509803921,
      "best_params": {
        "C": 10,
        "kernel": "rbf"
      }
    },
    "LR": {
      "accuracy": 0.5947712418300654,
      "best_params": {
        "C": 10
      }
    }
  },
  "fusion": {
    "DT+RF": {
      "accuracy": 0.5359477124183006
    },
    "DT+SVM": {
      "accuracy": 0.5359477124183006
    },
    "DT+LR": {
      "accuracy": 0.5359477124183006
    },
    "RF+SVM": {
      "accuracy": 0.6013071895424836
    },
    "RF+LR": {
      "accuracy": 0.6013071895424836
    },
    "SVM+LR": {
      "accuracy": 0.5816993464052288
    },
    "DT+RF+SVM": {
      "accuracy": 0.5555555555555556
    },
    "DT+RF+LR": {
      "accuracy": 0.5882352941176471
    },
    "DT+SVM+LR": {
      "accuracy": 0.5882352941176471
    },
    "RF+SVM+LR": {
      "accuracy": 0.5947712418300654
    },
    "DT+RF+SVM+LR": {
      "accuracy": 0.5882352941176471
    }
  }
}