{
  "job": {
    "id": "tfidf_seed46_multilingual_combined_multiclass_gr",
    "kind": "experiment",
    "seed": 46,
    "method": "tfidf",
    "training": "multi",
    "translated": "no",
    "task": "multiclass",
    "test_language": "gr",
    "setting_name": "multilingual_combined"
  },
  "train_size": 3573,
  "test_size": 53,
  "train_label_dist": {
    "HC": 2082,
    "Dementia": 814,
    "MCI": 677
  },
  "test_label_dist": {
    "Dementia": 26,
    "HC": 17,
    "MCI": 10
  },
  "classifiers": {
    "DT": {
      "accuracy": 0.32075471698113206,
      "best_params": {
        "max_depth": 30
      }
    },
    "RF": {
      "accuracy": 0.5849056603773585,
      "best_params": {
        "n_estimators": 50
      }
    },
    "SVM": {
      "accuracy": 0.5283018867924528,
      "best_params": {
        "C": 1,
        "kernel": "rbf"
      }
    },
    "LR": {
      "accuracy": 0.6415094339622641,
      "best_params": {
        "C": 10
      }
    }
  },
  "fusion": {
    "DT+RF": {
      "accuracy": 0.33962264150943394
    },
    "DT+SVM": {
      "accuracy": 0.3584905660377358
    },
    "DT+LR": {
      "accuracy": 0.39622641509433965
    },
    "RF+SVM": {
      "accuracy": 0.5660377358490566
    },
    "RF+LR": {
      "accuracy": 0.660377358490566
    },
    "SVM+LR": {
      "accuracy": 0.660377358490566
    },
    "DT+RF+SVM": {
      "accuracy": 0.5094339622641509
    },
    "DT+RF+LR": {
      "accuracy": 0.6037735849056604
    },
    "DT+SVM+LR": {
      "accuracy": 0.49056603773584906
    },
    "RF+SVM+LR": {
      "accuracy": 0.6037735849056604
    },
    "DT+RF+SVM+LR": {
      "accuracy": 0.5283018867924528
    }
  }
}