{
  "job": {
    "id": "tfidf_seed44_monolingual_multiclass_en",
    "kind": "experiment",
    "seed": 44,
    "method": "tfidf",
    "training": "mono",
    "translated": "no",
    "task": "multiclass",
    "test_language": "en",
    "setting_name": "monolingual"
  },
  "train_size": 2449,
  "test_size": 272,
  "train_label_dist": {
    "HC": 1628,
    "Dementia": 512,
    "MCI": 309
  },
  "test_label_dist": {
    "HC": 131,
    "MCI": 78,
    "Dementia": 63
  },
  "classifiers": {
    "DT": {
      "accuracy": 0.5772058823529411,
      "best_params": {
        "max_depth": 10
      }
    },
    "RF": {
      "accuracy": 0.6213235294117647,
      "best_params": {
        "n_estimators": 50
      }
    },
    "SVM": {
      "accuracy": 0.6801470588235294,
      "best_params": {
        "C": 10,
        "kernel": "rbf"
      }
    },
    "LR": {
      "accuracy": 0.6838235294117647,
      "best_params": {
        "C": 10
      }
    }
  },
  "fusion": {
    "DT+RF": {
      "accuracy": 0.5808823529411765
    },
    "DT+SVM": {
      "accuracy": 0.5882352941176471
    },
    "DT+LR": {
      "accuracy": 0.6029411764705882
    },
    "RF+SVM": {
      "accuracy": 0.6801470588235294
    },
    "RF+LR": {
      "accuracy": 0.7022058823529411
    },
    "SVM+LR": {
      "accuracy": 0.6801470588235294
    },
    "DT+RF+SVM": {
      "accuracy": 0.6544117647058824
    },
    "DT+RF+LR": {
      "accuracy": 0.6544117647058824
    },
    "DT+SVM+LR": {
      "accuracy": 0.6838235294117647
    },
    "RF+SVM+LR": {
      "accuracy": 0.6911764705882353
    },
    "DT+RF+SVM+LR": {
      "accuracy": 0.6801470588235294
    }
  }
}