{
  "job": {
    "id": "tfidf_seed45_monolingual_multiclass_cha",
    "kind": "experiment",
    "seed": 45,
    "method": "tfidf",
    "training": "mono",
    "translated": "no",
    "task": "multiclass",
    "test_language": "cha",
    "setting_name": "monolingual"
  },
  "train_size": 610,
  "test_size": 153,
  "train_label_dist": {
    "MCI": 259,
    "HC": 232,
    "Dementia": 119
  },
  "test_label_dist": {
    "MCI": 65,
    "HC": 58,
    "Dementia": 30
  },
  "classifiers": {
    "DT": {
      "accuracy": 0.45098039215686275,
      "best_params": {
        "max_depth": 30
      }
    },
    "RF": {
      "accuracy": 0.4444444444444444,
      "best_params": {
        "n_estimators": 100
      }
    },
    "SVM": {
      "accuracy": 0.45751633986928103,
      "best_params": {
        "C": 10,
        "kernel": "linear"
      }
    },
    "LR": {
      "accuracy": 0.45098039215686275,
      "best_params": {
        "C": 10
      }
    }
  },
  "fusion": {
    "DT+RF": {
      "accuracy": 0.43790849673202614
    },
    "DT+SVM": {
      "accuracy": 0.43790849673202614
    },
    "DT+LR": {
      "accuracy": 0.45098039215686275
    },
    "RF+SVM": {
      "accuracy": 0.45751633986928103
    },
    "RF+LR": {
      "accuracy": 0.47058823529411764
    },
    "SVM+LR": {
      "accuracy": 0.45751633986928103
    },
    "DT+RF+SVM": {
      "accuracy": 0.45098039215686275
    },
    "DT+RF+LR": {
      "accuracy": 0.45098039215686275
    },
    "DT+SVM+LR": {
      "accuracy": 0.45098039215686275
    },
    "RF+SVM+LR": {
      "accuracy": 0.45098039215686275
    },
    "DT+RF+SVM+LR": {
      "accuracy": 0.45751633986928103
    }
  }
}