{
  "job": {
    "id": "tfidf_seed44_multilingual_combined_binary_gr",
    "kind": "experiment",
    "seed": 44,
    "method": "tfidf",
    "training": "multi",
    "translated": "no",
    "task": "binary",
    "test_language": "gr",
    "setting_name": "multilingual_combined"
  },
  "train_size": 2896,
  "test_size": 43,
  "train_label_dist": {
    "HC": 2082,
    "Dementia": 814
  },
  "test_label_dist": {
    "Dementia": 26,
    "HC": 17
  },
  "classifiers": {
    "DT": {
      "accuracy": 0.6744186046511628,
      "best_params": {
        "max_depth": 10
      }
    },
    "RF": {
      "accuracy": 0.7209302325581395,
      "best_params": {
        "n_estimators": 100
      }
    },
    "SVM": {
      "accuracy": 0.6046511627906976,
      "best_params": {
        "C": 0.1,
        "kernel": "linear"
      }
    },
    "LR": {
      "accuracy": 0.7209302325581395,
      "best_params": {
        "C": 10
      }
    }
  },
  "fusion": {
    "DT+RF": {
      "accuracy": 0.6744186046511628
    },
    "DT+SVM": {
      "accuracy": 0.6744186046511628
    },
    "DT+LR": {
      "accuracy": 0.7209302325581395
    },
    "RF+SVM": {
      "accuracy": 0.6976744186046512
    },
    "RF+LR": {
      "accuracy": 0.7906976744186046
    },
    "SVM+LR": {
      "accuracy": 0.7441860465116279
    },
    "DT+RF+SVM": {
      "accuracy": 0.6976744186046512
    },
    "DT+RF+LR": {
      "accuracy": 0.6976744186046512
    },
    "DT+SVM+LR": {
      "accuracy": 0.6976744186046512
    },
    "RF+SVM+LR": {
      "accuracy": 0.6976744186046512
    },
    "DT+RF+SVM+LR": {
      "accuracy": 0.7441860465116279
    }
  }
}