{
  "job": {
    "id": "tfidf_seed43_translated_combined_multiclass_gr",
    "kind": "experiment",
    "seed": 43,
    "method": "tfidf",
    "training": "multi",
    "translated": "yes",
    "task": "multiclass",
    "test_language": "gr",
    "setting_name": "translated_combined"
  },
  "train_size": 3573,
  "test_size": 53,
  "train_label_dist": {
    "HC": 2082,
    "Dementia": 814,
    "MCI": 677
  },
  "test_label_dist": {
    "Dementia": 26,
    "HC": 17,
    "MCI": 10
  },
  "classifiers": {
    "DT": {
      "accuracy": 0.4339622641509434,
      "best_params": {
        "max_depth": 20
      }
    },
    "RF": {
      "accuracy": 0.6415094339622641,
      "best_params": {
        "n_estimators": 50
      }
    },
    "SVM": {
      "accuracy": 0.5660377358490566,
      "best_params": {
        "C": 10,
        "kernel": "rbf"
      }
    },
    "LR": {
      "accuracy": 0.5283018867924528,
      "best_params": {
        "C": 10
      }
    }
  },
  "fusion": {
    "DT+RF": {
      "accuracy": 0.4339622641509434
    },
    "DT+SVM": {
      "accuracy": 0.49056603773584906
    },
    "DT+LR": {
      "accuracy": 0.49056603773584906
    },
    "RF+SVM": {
      "accuracy": 0.6226415094339622
    },
    "RF+LR": {
      "accuracy": 0.5471698113207547
    },
    "SVM+LR": {
      "accuracy": 0.5283018867924528
    },
    "DT+RF+SVM": {
      "accuracy": 0.6037735849056604
    },
    "DT+RF+LR": {
      "accuracy": 0.5660377358490566
    },
    "DT+SVM+LR": {
      "accuracy": 0.5283018867924528
    },
    "RF+SVM+LR": {
      "accuracy": 0.6037735849056604
    },
    "DT+RF+SVM+LR": {
      "accuracy": 0.5660377358490566
    }
  }
}