{
  "job": {
    "id": "tfidf_seed46_multilingual_combined_multiclass_en",
    "kind": "experiment",
    "seed": 46,
    "method": "tfidf",
    "training": "multi",
    "translated": "no",
    "task": "multiclass",
    "test_language": "en",
    "setting_name": "multilingual_combined"
  },
  "train_size": 3573,
  "test_size": 272,
  "train_label_dist": {
    "HC": 2082,
    "Dementia": 814,
    "MCI": 677
  },
  "test_label_dist": {
    "HC": 131,
    "MCI": 78,
    "Dementia": 63
  },
  "classifiers": {
    "DT": {
      "accuracy": 0.5110294117647058,
      "best_params": {
        "max_depth": 30
      }
    },
    "RF": {
      "accuracy": 0.6139705882352942,
      "best_params": {
        "n_estimators": 50
      }
    },
    "SVM": {
      "accuracy": 0.5661764705882353,
      "best_params": {
        "C": 1,
        "kernel": "rbf"
      }
    },
    "LR": {
      "accuracy": 0.7205882352941176,
      "best_params": {
        "C": 10
      }
    }
  },
  "fusion": {
    "DT+RF": {
      "accuracy": 0.5183823529411765
    },
    "DT+SVM": {
      "accuracy": 0.5183823529411765
    },
    "DT+LR": {
      "accuracy": 0.5220588235294118
    },
    "RF+SVM": {
      "accuracy": 0.6691176470588235
    },
    "RF+LR": {
      "accuracy": 0.6838235294117647
    },
    "SVM+LR": {
      "accuracy": 0.6948529411764706
    },
    "DT+RF+SVM": {
      "accuracy": 0.5845588235294118
    },
    "DT+RF+LR": {
      "accuracy": 0.6397058823529411
    },
    "DT+SVM+LR": {
      "accuracy": 0.6580882352941176
    },
    "RF+SVM+LR": {
      "accuracy": 0.7242647058823529
    },
    "DT+RF+SVM+LR": {
      "accuracy": 0.6213235294117647
    }
  }
}