{
  "job": {
    "id": "tfidf_seed42_monolingual_multiclass_gr",
    "kind": "experiment",
    "seed": 42,
    "method": "tfidf",
    "training": "mono",
    "translated": "no",
    "task": "multiclass",
    "test_language": "gr",
    "setting_name": "monolingual"
  },
  "train_size": 211,
  "test_size": 53,
  "train_label_dist": {
    "Dementia": 106,
    "HC": 66,
    "MCI": 39
  },
  "test_label_dist": {
    "Dementia": 26,
    "HC": 17,
    "MCI": 10
  },
  "classifiers": {
    "DT": {
      "accuracy": 0.4528301886792453,
      "best_params": {
        "max_depth": 10
      }
    },
    "RF": {
      "accuracy": 0.5471698113207547,
      "best_params": {
        "n_estimators": 50
      }
    },
    "SVM": {
      "accuracy": 0.6415094339622641,
      "best_params": {
        "C": 10,
        "kernel": "rbf"
      }
    },
    "LR": {
      "accuracy": 0.6415094339622641,
      "best_params": {
        "C": 10
      }
    }
  },
  "fusion": {
    "DT+RF": {
      "accuracy": 0.4528301886792453
    },
    "DT+SVM": {
      "accuracy": 0.4528301886792453
    },
    "DT+LR": {
      "accuracy": 0.4528301886792453
    },
    "RF+SVM": {
      "accuracy": 0.6415094339622641
    },
    "RF+LR": {
      "accuracy": 0.6792452830188679
    },
    "SVM+LR": {
      "accuracy": 0.6415094339622641
    },
    "DT+RF+SVM": {
      "accuracy": 0.5849056603773585
    },
    "DT+RF+LR": {
      "accuracy": 0.5660377358490566
    },
    "DT+SVM+LR": {
      "accuracy": 0.6415094339622641
    },
    "RF+SVM+LR": {
      "accuracy": 0.6415094339622641
    },
    "DT+RF+SVM+LR": {
      "accuracy": 0.6226415094339622
    }
  }
}