{
  "job": {
    "id": "tfidf_seed46_monolingual_binary_spa",
    "kind": "experiment",
    "seed": 46,
    "method": "tfidf",
    "training": "mono",
    "translated": "no",
    "task": "binary",
    "test_language": "spa",
    "setting_name": "monolingual"
  },
  "train_size": 233,
  "test_size": 59,
  "train_label_dist": {
    "HC": 156,
    "Dementia": 77
  },
  "test_label_dist": {
    "HC": 39,
    "Dementia": 20
  },
  "classifiers": {
    "DT": {
      "accuracy": 0.6949152542372882,
      "best_params": {
        "max_depth": 10
      }
    },
    "RF": {
      "accuracy": 0.7457627118644068,
      "best_params": {
        "n_estimators": 200
      }
    },
    "SVM": {
      "accuracy": 0.711864406779661,
      "best_params": {
        "C": 0.1,
        "kernel": "linear"
      }
    },
    "LR": {
      "accuracy": 0.711864406779661,
      "best_params": {
        "C": 1
      }
    }
  },
  "fusion": {
    "DT+RF": {
      "accuracy": 0.6949152542372882
    },
    "DT+SVM": {
      "accuracy": 0.6949152542372882
    },
    "DT+LR": {
      "accuracy": 0.6949152542372882
    },
    "RF+SVM": {
      "accuracy": 0.7288135593220338
    },
    "RF+LR": {
      "accuracy": 0.711864406779661
    },
    "SVM+LR": {
      "accuracy": 0.711864406779661
    },
    "DT+RF+SVM": {
      "accuracy": 0.7457627118644068
    },
    "DT+RF+LR": {
      "accuracy": 0.7457627118644068
    },
    "DT+SVM+LR": {
      "accuracy": 0.711864406779661
    },
    "RF+SVM+LR": {
      "accuracy": 0.711864406779661
    },
    "DT+RF+SVM+LR": {
      "accuracy": 0.7457627118644068
    }
  }
}