{
  "job": {
    "id": "tfidf_seed43_translated_combined_multiclass_cha",
    "kind": "experiment",
    "seed": 43,
    "method": "tfidf",
    "training": "multi",
    "translated": "yes",
    "task": "multiclass",
    "test_language": "cha",
    "setting_name": "translated_combined"
  },
  "train_size": 3573,
  "test_size": 153,
  "train_label_dist": {
    "HC": 2082,
    "Dementia": 814,
    "MCI": 677
  },
  "test_label_dist": {
    "MCI": 65,
    "HC": 58,
    "Dementia": 30
  },
  "classifiers": {
    "DT": {
      "accuracy": 0.48366013071895425,
      "best_params": {
        "max_depth": 20
      }
    },
    "RF": {
      "accuracy": 0.5686274509803921,
      "best_params": {
        "n_estimators": 50
      }
    },
    "SVM": {
      "accuracy": 0.6209150326797386,
      "best_params": {
        "C": 10,
        "kernel": "rbf"
      }
    },
    "LR": {
      "accuracy": 0.6535947712418301,
      "best_params": {
        "C": 10
      }
    }
  },
  "fusion": {
    "DT+RF": {
      "accuracy": 0.49673202614379086
    },
    "DT+SVM": {
      "accuracy": 0.49673202614379086
    },
    "DT+LR": {
      "accuracy": 0.5228758169934641
    },
    "RF+SVM": {
      "accuracy": 0.6601307189542484
    },
    "RF+LR": {
      "accuracy": 0.6666666666666666
    },
    "SVM+LR": {
      "accuracy": 0.6601307189542484
    },
    "DT+RF+SVM": {
      "accuracy": 0.6470588235294118
    },
    "DT+RF+LR": {
      "accuracy": 0.6601307189542484
    },
    "DT+SVM+LR": {
      "accuracy": 0.6339869281045751
    },
    "RF+SVM+LR": {
      "accuracy": 0.6405228758169934
    },
    "DT+RF+SVM+LR": {
      "accuracy": 0.673202614379085
    }
  }
}