{
  "job": {
    "id": "tfidf_seed44_multilingual_combined_binary_spa",
    "kind": "experiment",
    "seed": 44,
    "method": "tfidf",
    "training": "multi",
    "translated": "no",
    "task": "binary",
    "test_language": "spa",
    "setting_name": "multilingual_combined"
  },
  "train_size": 2896,
  "test_size": 59,
  "train_label_dist": {
    "HC": 2082,
    "Dementia": 814
  },
  "test_label_dist": {
    "HC": 39,
    "Dementia": 20
  },
  "classifiers": {
    "DT": {
      "accuracy": 0.5932203389830508,
      "best_params": {
        "max_depth": 10
      }
    },
    "RF": {
      "accuracy": 0.7457627118644068,
      "best_params": {
        "n_estimators": 100
      }
    },
    "SVM": {
      "accuracy": 0.6440677966101694,
      "best_params": {
        "C": 0.1,
        "kernel": "linear"
      }
    },
    "LR": {
      "accuracy": 0.6610169491525424,
      "best_params": {
        "C": 10
      }
    }
  },
  "fusion": {
    "DT+RF": {
      "accuracy": 0.5932203389830508
    },
    "DT+SVM": {
      "accuracy": 0.5932203389830508
    },
    "DT+LR": {
      "accuracy": 0.5932203389830508
    },
    "RF+SVM": {
      "accuracy": 0.7288135593220338
    },
    "RF+LR": {
      "accuracy": 0.6779661016949152
    },
    "SVM+LR": {
      "accuracy": 0.6610169491525424
    },
    "DT+RF+SVM": {
      "accuracy": 0.6949152542372882
    },
    "DT+RF+LR": {
      "accuracy": 0.6949152542372882
    },
    "DT+SVM+LR": {
      "accuracy": 0.6440677966101694
    },
    "RF+SVM+LR": {
      "accuracy": 0.6779661016949152
    },
    "DT+RF+SVM+LR": {
      "accuracy": 0.6779661016949152
    }
  }
}