{
  "job": {
    "id": "tfidf_seed45_monolingual_multiclass_en",
    "kind": "experiment",
    "seed": 45,
    "method": "tfidf",
    "training": "mono",
    "translated": "no",
    "task": "multiclass",
    "test_language": "en",
    "setting_name": "monolingual"
  },
  "train_size": 2449,
  "test_size": 272,
  "train_label_dist": {
    "HC": 1628,
    "Dementia": 512,
    "MCI": 309
  },
  "test_label_dist": {
    "HC": 131,
    "MCI": 78,
    "Dementia": 63
  },
  "classifiers": {
    "DT": {
      "accuracy": 0.5404411764705882,
      "best_params": {
        "max_depth": 10
      }
    },
    "RF": {
      "accuracy": 0.6801470588235294,
      "best_params": {
        "n_estimators": 50
      }
    },
    "SVM": {
      "accuracy": 0.7242647058823529,
      "best_params": {
        "C": 10,
        "kernel": "rbf"
      }
    },
    "LR": {
      "accuracy": 0.7058823529411765,
      "best_params": {
        "C": 10
      }
    }
  },
  "fusion": {
    "DT+RF": {
      "accuracy": 0.5551470588235294
    },
    "DT+SVM": {
      "accuracy": 0.5698529411764706
    },
    "DT+LR": {
      "accuracy": 0.5661764705882353
    },
    "RF+SVM": {
      "accuracy": 0.7279411764705882
    },
    "RF+LR": {
      "accuracy": 0.7132352941176471
    },
    "SVM+LR": {
      "accuracy": 0.7242647058823529
    },
    "DT+RF+SVM": {
      "accuracy": 0.6838235294117647
    },
    "DT+RF+LR": {
      "accuracy": 0.6875
    },
    "DT+SVM+LR": {
      "accuracy": 0.6985294117647058
    },
    "RF+SVM+LR": {
      "accuracy": 0.7169117647058824
    },
    "DT+RF+SVM+LR": {
      "accuracy": 0.6948529411764706
    }
  }
}