{
  "job": {
    "id": "tfidf_seed43_monolingual_binary_gr",
    "kind": "experiment",
    "seed": 43,
    "method": "tfidf",
    "training": "mono",
    "translated": "no",
    "task": "binary",
    "test_language": "gr",
    "setting_name": "monolingual"
  },
  "train_size": 172,
  "test_size": 43,
  "train_label_dist": {
    "Dementia": 106,
    "HC": 66
  },
  "test_label_dist": {
    "Dementia": 26,
    "HC": 17
  },
  "classifiers": {
    "DT": {
      "accuracy": 0.6511627906976745,
      "best_params": {
        "max_depth": 10
      }
    },
    "RF": {
      "accuracy": 0.6744186046511628,
      "best_params": {
        "n_estimators": 50
      }
    },
    "SVM": {
      "accuracy": 0.8604651162790697,
      "best_params": {
        "C": 10,
        "kernel": "linear"
      }
    },
    "LR": {
      "accuracy": 0.8372093023255814,
      "best_params": {
        "C": 10
      }
    }
  },
  "fusion": {
    "DT+RF": {
      "accuracy": 0.627906976744186
    },
    "DT+SVM": {
      "accuracy": 0.6511627906976745
    },
    "DT+LR": {
      "accuracy": 0.6744186046511628
    },
    "RF+SVM": {
      "accuracy": 0.7441860465116279
    },
    "RF+LR": {
      "accuracy": 0.7441860465116279
    },
    "SVM+LR": {
      "accuracy": 0.8604651162790697
    },
    "DT+RF+SVM": {
      "accuracy": 0.7209302325581395
    },
    "DT+RF+LR": {
      "accuracy": 0.6744186046511628
    },
    "DT+SVM+LR": {
      "accuracy": 0.8604651162790697
    },
    "RF+SVM+LR": {
      "accuracy": 0.813953488372093
    },
    "DT+RF+SVM+LR": {
      "accuracy": 0.7441860465116279
    }
  }
}