{
  "job": {
    "id": "tfidf_seed46_translated_combined_binary_gr",
    "kind": "experiment",
    "seed": 46,
    "method": "tfidf",
    "training": "multi",
    "translated": "yes",
    "task": "binary",
    "test_language": "gr",
    "setting_name": "translated_combined"
  },
  "train_size": 2896,
  "test_size": 43,
  "train_label_dist": {
    "HC": 2082,
    "Dementia": 814
  },
  "test_label_dist": {
    "Dementia": 26,
    "HC": 17
  },
  "classifiers": {
    "DT": {
      "accuracy": 0.3488372093023256,
      "best_params": {
        "max_depth": 10
      }
    },
    "RF": {
      "accuracy": 0.6744186046511628,
      "best_params": {
        "n_estimators": 200
      }
    },
    "SVM": {
      "accuracy": 0.6976744186046512,
      "best_params": {
        "C": 10,
        "kernel": "rbf"
      }
    },
    "LR": {
      "accuracy": 0.7209302325581395,
      "best_params": {
        "C": 1
      }
    }
  },
  "fusion": {
    "DT+RF": {
      "accuracy": 0.5581395348837209
    },
    "DT+SVM": {
      "accuracy": 0.5348837209302325
    },
    "DT+LR": {
      "accuracy": 0.46511627906976744
    },
    "RF+SVM": {
      "accuracy": 0.7209302325581395
    },
    "RF+LR": {
      "accuracy": 0.6744186046511628
    },
    "SVM+LR": {
      "accuracy": 0.7441860465116279
    },
    "DT+RF+SVM": {
      "accuracy": 0.6511627906976745
    },
    "DT+RF+LR": {
      "accuracy": 0.627906976744186
    },
    "DT+SVM+LR": {
      "accuracy": 0.6976744186046512
    },
    "RF+SVM+LR": {
      "accuracy": 0.7209302325581395
    },
    "DT+RF+SVM+LR": {
      "accuracy": 0.6511627906976745
    }
  }
}