{
  "job": {
    "id": "tfidf_seed45_multilingual_combined_binary_spa",
    "kind": "experiment",
    "seed": 45,
    "method": "tfidf",
    "training": "multi",
    "translated": "no",
    "task": "binary",
    "test_language": "spa",
    "setting_name": "multilingual_combined"
  },
  "train_size": 2896,
  "test_size": 59,
  "train_label_dist": {
    "HC": 2082,
    "Dementia": 814
  },
  "test_label_dist": {
    "HC": 39,
    "Dementia": 20
  },
  "classifiers": {
    "DT": {
      "accuracy": 0.7627118644067796,
      "best_params": {
        "max_depth": 10
      }
    },
    "RF": {
      "accuracy": 0.7627118644067796,
      "best_params": {
        "n_estimators": 50
      }
    },
    "SVM": {
      "accuracy": 0.7796610169491526,
      "best_params": {
        "C": 10,
        "kernel": "rbf"
      }
    },
    "LR": {
      "accuracy": 0.7796610169491526,
      "best_params": {
        "C": 10
      }
    }
  },
  "fusion": {
    "DT+RF": {
      "accuracy": 0.7627118644067796
    },
    "DT+SVM": {
      "accuracy": 0.7627118644067796
    },
    "DT+LR": {
      "accuracy": 0.7627118644067796
    },
    "RF+SVM": {
      "accuracy": 0.7627118644067796
    },
    "RF+LR": {
      "accuracy": 0.7457627118644068
    },
    "SVM+LR": {
      "accuracy": 0.7627118644067796
    },
    "DT+RF+SVM": {
      "accuracy": 0.7796610169491526
    },
    "DT+RF+LR": {
      "accuracy": 0.7627118644067796
    },
    "DT+SVM+LR": {
      "accuracy": 0.7796610169491526
    },
    "RF+SVM+LR": {
      "accuracy": 0.7627118644067796
    },
    "DT+RF+SVM+LR": {
      "accuracy": 0.7796610169491526
    }
  }
}