{
  "job": {
    "id": "tfidf_seed43_multilingual_combined_multiclass_gr",
    "kind": "experiment",
    "seed": 43,
    "method": "tfidf",
    "training": "multi",
    "translated": "no",
    "task": "multiclass",
    "test_language": "gr",
    "setting_name": "multilingual_combined"
  },
  "train_size": 3573,
  "test_size": 53,
  "train_label_dist": {
    "HC": 2082,
    "Dementia": 814,
    "MCI": 677
  },
  "test_label_dist": {
    "Dementia": 26,
    "HC": 17,
    "MCI": 10
  },
  "classifiers": {
    "DT": {
      "accuracy": 0.5094339622641509,
      "best_params": {
        "max_depth": 10
      }
    },
    "RF": {
      "accuracy": 0.5849056603773585,
      "best_params": {
        "n_estimators": 100
      }
    },
    "SVM": {
      "accuracy": 0.5471698113207547,
      "best_params": {
        "C": 1,
        "kernel": "rbf"
      }
    },
    "LR": {
      "accuracy": 0.6792452830188679,
      "best_params": {
        "C": 10
      }
    }
  },
  "fusion": {
    "DT+RF": {
      "accuracy": 0.5660377358490566
    },
    "DT+SVM": {
      "accuracy": 0.5849056603773585
    },
    "DT+LR": {
      "accuracy": 0.5849056603773585
    },
    "RF+SVM": {
      "accuracy": 0.5660377358490566
    },
    "RF+LR": {
      "accuracy": 0.6792452830188679
    },
    "SVM+LR": {
      "accuracy": 0.6792452830188679
    },
    "DT+RF+SVM": {
      "accuracy": 0.5660377358490566
    },
    "DT+RF+LR": {
      "accuracy": 0.6415094339622641
    },
    "DT+SVM+LR": {
      "accuracy": 0.6226415094339622
    },
    "RF+SVM+LR": {
      "accuracy": 0.5849056603773585
    },
    "DT+RF+SVM+LR": {
      "accuracy": 0.6226415094339622
    }
  }
}