{
  "job": {
    "id": "e5_seed44_monolingual_multiclass_spa",
    "kind": "experiment",
    "seed": 44,
    "method": "e5",
    "training": "mono",
    "translated": "no",
    "task": "multiclass",
    "test_language": "spa",
    "setting_name": "monolingual"
  },
  "train_size": 303,
  "test_size": 76,
  "train_label_dist": {
    "HC": 156,
    "Dementia": 77,
    "MCI": 70
  },
  "test_label_dist": {
    "HC": 39,
    "Dementia": 20,
    "MCI": 17
  },
  "classifiers": {
    "DT": {
      "accuracy": 0.42105263157894735,
      "best_params": {
        "max_depth": 10
      }
    },
    "RF": {
      "accuracy": 0.5657894736842105,
      "best_params": {
        "n_estimators": 200
      }
    },
    "SVM": {
      "accuracy": 0.4473684210526316,
      "best_params": {
        "C": 10,
        "kernel": "linear"
      }
    },
    "LR": {
      "accuracy": 0.5526315789473685,
      "best_params": {
        "C": 1
      }
    }
  },
  "fusion": {
    "DT+RF": {
      "accuracy": 0.42105263157894735
    },
    "DT+SVM": {
      "accuracy": 0.42105263157894735
    },
    "DT+LR": {
      "accuracy": 0.42105263157894735
    },
    "RF+SVM": {
      "accuracy": 0.5394736842105263
    },
    "RF+LR": {
      "accuracy": 0.5394736842105263
    },
    "SVM+LR": {
      "accuracy": 0.5263157894736842
    },
    "DT+RF+SVM": {
      "accuracy": 0.5263157894736842
    },
    "DT+RF+LR": {
      "accuracy": 0.5
    },
    "DT+SVM+LR": {
      "accuracy": 0.47368421052631576
    },
    "RF+SVM+LR": {
      "accuracy": 0.5394736842105263
    },
    "DT+RF+SVM+LR": {
      "accuracy": 0.5394736842105263
    }
  }
}