{
  "job": {
    "id": "e5_seed45_multilingual_combined_binary_en",
    "kind": "experiment",
    "seed": 45,
    "method": "e5",
    "training": "multi",
    "translated": "no",
    "task": "binary",
    "test_language": "en",
    "setting_name": "multilingual_combined"
  },
  "train_size": 2896,
  "test_size": 194,
  "train_label_dist": {
    "HC": 2082,
    "Dementia": 814
  },
  "test_label_dist": {
    "HC": 131,
    "Dementia": 63
  },
  "classifiers": {
    "DT": {
      "accuracy": 0.7010309278350515,
      "best_params": {
        "max_depth": 10
      }
    },
    "RF": {
      "accuracy": 0.788659793814433,
      "best_params": {
        "n_estimators": 200
      }
    },
    "SVM": {
      "accuracy": 0.8350515463917526,
      "best_params": {
        "C": 10,
        "kernel": "rbf"
      }
    },
    "LR": {
      "accuracy": 0.6752577319587629,
      "best_params": {
        "C": 0.1
      }
    }
  },
  "fusion": {
    "DT+RF": {
      "accuracy": 0.7061855670103093
    },
    "DT+SVM": {
      "accuracy": 0.7061855670103093
    },
    "DT+LR": {
      "accuracy": 0.7061855670103093
    },
    "RF+SVM": {
      "accuracy": 0.8762886597938144
    },
    "RF+LR": {
      "accuracy": 0.6855670103092784
    },
    "SVM+LR": {
      "accuracy": 0.8195876288659794
    },
    "DT+RF+SVM": {
      "accuracy": 0.8144329896907216
    },
    "DT+RF+LR": {
      "accuracy": 0.7371134020618557
    },
    "DT+SVM+LR": {
      "accuracy": 0.7628865979381443
    },
    "RF+SVM+LR": {
      "accuracy": 0.788659793814433
    },
    "DT+RF+SVM+LR": {
      "accuracy": 0.7835051546391752
    }
  }
}