{
  "job": {
    "id": "e5_seed46_translated_combined_multiclass_spa",
    "kind": "experiment",
    "seed": 46,
    "method": "e5",
    "training": "multi",
    "translated": "yes",
    "task": "multiclass",
    "test_language": "spa",
    "setting_name": "translated_combined"
  },
  "train_size": 3573,
  "test_size": 76,
  "train_label_dist": {
    "HC": 2082,
    "Dementia": 814,
    "MCI": 677
  },
  "test_label_dist": {
    "HC": 39,
    "Dementia": 20,
    "MCI": 17
  },
  "classifiers": {
    "DT": {
      "accuracy": 0.5526315789473685,
      "best_params": {
        "max_depth": 10
      }
    },
    "RF": {
      "accuracy": 0.5789473684210527,
      "best_params": {
        "n_estimators": 200
      }
    },
    "SVM": {
      "accuracy": 0.2894736842105263,
      "best_params": {
        "C": 1,
        "kernel": "linear"
      }
    },
    "LR": {
      "accuracy": 0.5526315789473685,
      "best_params": {
        "C": 10
      }
    }
  },
  "fusion": {
    "DT+RF": {
      "accuracy": 0.5394736842105263
    },
    "DT+SVM": {
      "accuracy": 0.5526315789473685
    },
    "DT+LR": {
      "accuracy": 0.5526315789473685
    },
    "RF+SVM": {
      "accuracy": 0.5131578947368421
    },
    "RF+LR": {
      "accuracy": 0.5657894736842105
    },
    "SVM+LR": {
      "accuracy": 0.5394736842105263
    },
    "DT+RF+SVM": {
      "accuracy": 0.5263157894736842
    },
    "DT+RF+LR": {
      "accuracy": 0.5526315789473685
    },
    "DT+SVM+LR": {
      "accuracy": 0.5394736842105263
    },
    "RF+SVM+LR": {
      "accuracy": 0.5394736842105263
    },
    "DT+RF+SVM+LR": {
      "accuracy": 0.5131578947368421
    }
  }
}