{
  "job": {
    "id": "e5_seed43_multilingual_combined_binary_cha",
    "kind": "experiment",
    "seed": 43,
    "method": "e5",
    "training": "multi",
    "translated": "no",
    "task": "binary",
    "test_language": "cha",
    "setting_name": "multilingual_combined"
  },
  "train_size": 2896,
  "test_size": 88,
  "train_label_dist": {
    "HC": 2082,
    "Dementia": 814
  },
  "test_label_dist": {
    "HC": 58,
    "Dementia": 30
  },
  "classifiers": {
    "DT": {
      "accuracy": 0.7045454545454546,
      "best_params": {
        "max_depth": 10
      }
    },
    "RF": {
      "accuracy": 0.8068181818181818,
      "best_params": {
        "n_estimators": 200
      }
    },
    "SVM": {
      "accuracy": 0.8522727272727273,
      "best_params": {
        "C": 10,
        "kernel": "rbf"
      }
    },
    "LR": {
      "accuracy": 0.6590909090909091,
      "best_params": {
        "C": 0.1
      }
    }
  },
  "fusion": {
    "DT+RF": {
      "accuracy": 0.7159090909090909
    },
    "DT+SVM": {
      "accuracy": 0.7272727272727273
    },
    "DT+LR": {
      "accuracy": 0.7045454545454546
    },
    "RF+SVM": {
      "accuracy": 0.8409090909090909
    },
    "RF+LR": {
      "accuracy": 0.6704545454545454
    },
    "SVM+LR": {
      "accuracy": 0.8068181818181818
    },
    "DT+RF+SVM": {
      "accuracy": 0.7954545454545454
    },
    "DT+RF+LR": {
      "accuracy": 0.8068181818181818
    },
    "DT+SVM+LR": {
      "accuracy": 0.7954545454545454
    },
    "RF+SVM+LR": {
      "accuracy": 0.8068181818181818
    },
    "DT+RF+SVM+LR": {
      "accuracy": 0.7954545454545454
    }
  }
}