{
  "job": {
    "id": "e5_seed45_monolingual_multiclass_en",
    "kind": "experiment",
    "seed": 45,
    "method": "e5",
    "training": "mono",
    "translated": "no",
    "task": "multiclass",
    "test_language": "en",
    "setting_name": "monolingual"
  },
  "train_size": 2449,
  "test_size": 272,
  "train_label_dist": {
    "HC": 1628,
    "Dementia": 512,
    "MCI": 309
  },
  "test_label_dist": {
    "HC": 131,
    "MCI": 78,
    "Dementia": 63
  },
  "classifiers": {
    "DT": {
      "accuracy": 0.5183823529411765,
      "best_params": {
        "max_depth": 10
      }
    },
    "RF": {
      "accuracy": 0.5698529411764706,
      "best_params": {
        "n_estimators": 50
      }
    },
    "SVM": {
      "accuracy": 0.5919117647058824,
      "best_params": {
        "C": 10,
        "kernel": "rbf"
      }
    },
    "LR": {
      "accuracy": 0.6507352941176471,
      "best_params": {
        "C": 10
      }
    }
  },
  "fusion": {
    "DT+RF": {
      "accuracy": 0.5367647058823529
    },
    "DT+SVM": {
      "accuracy": 0.5220588235294118
    },
    "DT+LR": {
      "accuracy": 0.5367647058823529
    },
    "RF+SVM": {
      "accuracy": 0.6470588235294118
    },
    "RF+LR": {
      "accuracy": 0.6544117647058824
    },
    "SVM+LR": {
      "accuracy": 0.6580882352941176
    },
    "DT+RF+SVM": {
      "accuracy": 0.5772058823529411
    },
    "DT+RF+LR": {
      "accuracy": 0.6029411764705882
    },
    "DT+SVM+LR": {
      "accuracy": 0.6323529411764706
    },
    "RF+SVM+LR": {
      "accuracy": 0.6397058823529411
    },
    "DT+RF+SVM+LR": {
      "accuracy": 0.6066176470588235
    }
  }
}