{
  "job": {
    "id": "e5_seed45_translated_combined_multiclass_en",
    "kind": "experiment",
    "seed": 45,
    "method": "e5",
    "training": "multi",
    "translated": "yes",
    "task": "multiclass",
    "test_language": "en",
    "setting_name": "translated_combined"
  },
  "train_size": 3573,
  "test_size": 272,
  "train_label_dist": {
    "HC": 2082,
    "Dementia": 814,
    "MCI": 677
  },
  "test_label_dist": {
    "HC": 131,
    "MCI": 78,
    "Dementia": 63
  },
  "classifiers": {
    "DT": {
      "accuracy": 0.5036764705882353,
      "best_params": {
        "max_depth": 20
      }
    },
    "RF": {
      "accuracy": 0.6029411764705882,
      "best_params": {
        "n_estimators": 100
      }
    },
    "SVM": {
      "accuracy": 0.5735294117647058,
      "best_params": {
        "C": 1,
        "kernel": "rbf"
      }
    },
    "LR": {
      "accuracy": 0.6470588235294118,
      "best_params": {
        "C": 10
      }
    }
  },
  "fusion": {
    "DT+RF": {
      "accuracy": 0.5073529411764706
    },
    "DT+SVM": {
      "accuracy": 0.5073529411764706
    },
    "DT+LR": {
      "accuracy": 0.5073529411764706
    },
    "RF+SVM": {
      "accuracy": 0.6323529411764706
    },
    "RF+LR": {
      "accuracy": 0.6507352941176471
    },
    "SVM+LR": {
      "accuracy": 0.6617647058823529
    },
    "DT+RF+SVM": {
      "accuracy": 0.5882352941176471
    },
    "DT+RF+LR": {
      "accuracy": 0.5882352941176471
    },
    "DT+SVM+LR": {
      "accuracy": 0.6360294117647058
    },
    "RF+SVM+LR": {
      "accuracy": 0.6580882352941176
    },
    "DT+RF+SVM+LR": {
      "accuracy": 0.5955882352941176
    }
  }
}