{
  "job": {
    "id": "e5_seed44_monolingual_multiclass_cha",
    "kind": "experiment",
    "seed": 44,
    "method": "e5",
    "training": "mono",
    "translated": "no",
    "task": "multiclass",
    "test_language": "cha",
    "setting_name": "monolingual"
  },
  "train_size": 610,
  "test_size": 153,
  "train_label_dist": {
    "MCI": 259,
    "HC": 232,
    "Dementia": 119
  },
  "test_label_dist": {
    "MCI": 65,
    "HC": 58,
    "Dementia": 30
  },
  "classifiers": {
    "DT": {
      "accuracy": 0.47058823529411764,
      "best_params": {
        "max_depth": 10
      }
    },
    "RF": {
      "accuracy": 0.5882352941176471,
      "best_params": {
        "n_estimators": 100
      }
    },
    "SVM": {
      "accuracy": 0.6405228758169934,
      "best_params": {
        "C": 10,
        "kernel": "linear"
      }
    },
    "LR": {
      "accuracy": 0.7058823529411765,
      "best_params": {
        "C": 10
      }
    }
  },
  "fusion": {
    "DT+RF": {
      "accuracy": 0.47058823529411764
    },
    "DT+SVM": {
      "accuracy": 0.47058823529411764
    },
    "DT+LR": {
      "accuracy": 0.47058823529411764
    },
    "RF+SVM": {
      "accuracy": 0.6339869281045751
    },
    "RF+LR": {
      "accuracy": 0.6470588235294118
    },
    "SVM+LR": {
      "accuracy": 0.6928104575163399
    },
    "DT+RF+SVM": {
      "accuracy": 0.5947712418300654
    },
    "DT+RF+LR": {
      "accuracy": 0.6078431372549019
    },
    "DT+SVM+LR": {
      "accuracy": 0.673202614379085
    },
    "RF+SVM+LR": {
      "accuracy": 0.6928104575163399
    },
    "DT+RF+SVM+LR": {
      "accuracy": 0.6274509803921569
    }
  }
}