{
  "job": {
    "id": "e5_seed44_translated_combined_binary_en",
    "kind": "experiment",
    "seed": 44,
    "method": "e5",
    "training": "multi",
    "translated": "yes",
    "task": "binary",
    "test_language": "en",
    "setting_name": "translated_combined"
  },
  "train_size": 2896,
  "test_size": 194,
  "train_label_dist": {
    "HC": 2082,
    "Dementia": 814
  },
  "test_label_dist": {
    "HC": 131,
    "Dementia": 63
  },
  "classifiers": {
    "DT": {
      "accuracy": 0.7216494845360825,
      "best_params": {
        "max_depth": 10
      }
    },
    "RF": {
      "accuracy": 0.7731958762886598,
      "best_params": {
        "n_estimators": 50
      }
    },
    "SVM": {
      "accuracy": 0.8865979381443299,
      "best_params": {
        "C": 10,
        "kernel": "rbf"
      }
    },
    "LR": {
      "accuracy": 0.6752577319587629,
      "best_params": {
        "C": 0.1
      }
    }
  },
  "fusion": {
    "DT+RF": {
      "accuracy": 0.7319587628865979
    },
    "DT+SVM": {
      "accuracy": 0.7371134020618557
    },
    "DT+LR": {
      "accuracy": 0.7268041237113402
    },
    "RF+SVM": {
      "accuracy": 0.845360824742268
    },
    "RF+LR": {
      "accuracy": 0.6855670103092784
    },
    "SVM+LR": {
      "accuracy": 0.7783505154639175
    },
    "DT+RF+SVM": {
      "accuracy": 0.8195876288659794
    },
    "DT+RF+LR": {
      "accuracy": 0.7525773195876289
    },
    "DT+SVM+LR": {
      "accuracy": 0.8041237113402062
    },
    "RF+SVM+LR": {
      "accuracy": 0.788659793814433
    },
    "DT+RF+SVM+LR": {
      "accuracy": 0.8092783505154639
    }
  }
}