{
  "job": {
    "id": "e5_seed44_translated_combined_binary_cha",
    "kind": "experiment",
    "seed": 44,
    "method": "e5",
    "training": "multi",
    "translated": "yes",
    "task": "binary",
    "test_language": "cha",
    "setting_name": "translated_combined"
  },
  "train_size": 2896,
  "test_size": 88,
  "train_label_dist": {
    "HC": 2082,
    "Dementia": 814
  },
  "test_label_dist": {
    "HC": 58,
    "Dementia": 30
  },
  "classifiers": {
    "DT": {
      "accuracy": 0.7386363636363636,
      "best_params": {
        "max_depth": 10
      }
    },
    "RF": {
      "accuracy": 0.7727272727272727,
      "best_params": {
        "n_estimators": 50
      }
    },
    "SVM": {
      "accuracy": 0.7954545454545454,
      "best_params": {
        "C": 10,
        "kernel": "rbf"
      }
    },
    "LR": {
      "accuracy": 0.6590909090909091,
      "best_params": {
        "C": 0.1
      }
    }
  },
  "fusion": {
    "DT+RF": {
      "accuracy": 0.7386363636363636
    },
    "DT+SVM": {
      "accuracy": 0.7272727272727273
    },
    "DT+LR": {
      "accuracy": 0.7272727272727273
    },
    "RF+SVM": {
      "accuracy": 0.8295454545454546
    },
    "RF+LR": {
      "accuracy": 0.6818181818181818
    },
    "SVM+LR": {
      "accuracy": 0.7613636363636364
    },
    "DT+RF+SVM": {
      "accuracy": 0.8295454545454546
    },
    "DT+RF+LR": {
      "accuracy": 0.7727272727272727
    },
    "DT+SVM+LR": {
      "accuracy": 0.7954545454545454
    },
    "RF+SVM+LR": {
      "accuracy": 0.8068181818181818
    },
    "DT+RF+SVM+LR": {
      "accuracy": 0.7954545454545454
    }
  }
}