{
  "job": {
    "id": "e5_seed45_monolingual_multiclass_gr",
    "kind": "experiment",
    "seed": 45,
    "method": "e5",
    "training": "mono",
    "translated": "no",
    "task": "multiclass",
    "test_language": "gr",
    "setting_name": "monolingual"
  },
  "train_size": 211,
  "test_size": 53,
  "train_label_dist": {
    "Dementia": 106,
    "HC": 66,
    "MCI": 39
  },
  "test_label_dist": {
    "Dementia": 26,
    "HC": 17,
    "MCI": 10
  },
  "classifiers": {
    "DT": {
      "accuracy": 0.39622641509433965,
      "best_params": {
        "max_depth": 10
      }
    },
    "RF": {
      "accuracy": 0.5283018867924528,
      "best_params": {
        "n_estimators": 200
      }
    },
    "SVM": {
      "accuracy": 0.5660377358490566,
      "best_params": {
        "C": 10,
        "kernel": "linear"
      }
    },
    "LR": {
      "accuracy": 0.5471698113207547,
      "best_params": {
        "C": 10
      }
    }
  },
  "fusion": {
    "DT+RF": {
      "accuracy": 0.39622641509433965
    },
    "DT+SVM": {
      "accuracy": 0.39622641509433965
    },
    "DT+LR": {
      "accuracy": 0.39622641509433965
    },
    "RF+SVM": {
      "accuracy": 0.5660377358490566
    },
    "RF+LR": {
      "accuracy": 0.5849056603773585
    },
    "SVM+LR": {
      "accuracy": 0.5660377358490566
    },
    "DT+RF+SVM": {
      "accuracy": 0.5849056603773585
    },
    "DT+RF+LR": {
      "accuracy": 0.5471698113207547
    },
    "DT+SVM+LR": {
      "accuracy": 0.5660377358490566
    },
    "RF+SVM+LR": {
      "accuracy": 0.5283018867924528
    },
    "DT+RF+SVM+LR": {
      "accuracy": 0.6037735849056604
    }
  }
}