{
  "job": {
    "id": "e5_seed43_multilingual_combined_multiclass_spa",
    "kind": "experiment",
    "seed": 43,
    "method": "e5",
    "training": "multi",
    "translated": "no",
    "task": "multiclass",
    "test_language": "spa",
    "setting_name": "multilingual_combined"
  },
  "train_size": 3573,
  "test_size": 76,
  "train_label_dist": {
    "HC": 2082,
    "Dementia": 814,
    "MCI": 677
  },
  "test_label_dist": {
    "HC": 39,
    "Dementia": 20,
    "MCI": 17
  },
  "classifiers": {
    "DT": {
      "accuracy": 0.4342105263157895,
      "best_params": {
        "max_depth": 20
      }
    },
    "RF": {
      "accuracy": 0.6447368421052632,
      "best_params": {
        "n_estimators": 50
      }
    },
    "SVM": {
      "accuracy": 0.34210526315789475,
      "best_params": {
        "C": 1,
        "kernel": "linear"
      }
    },
    "LR": {
      "accuracy": 0.631578947368421,
      "best_params": {
        "C": 10
      }
    }
  },
  "fusion": {
    "DT+RF": {
      "accuracy": 0.4342105263157895
    },
    "DT+SVM": {
      "accuracy": 0.4342105263157895
    },
    "DT+LR": {
      "accuracy": 0.4342105263157895
    },
    "RF+SVM": {
      "accuracy": 0.618421052631579
    },
    "RF+LR": {
      "accuracy": 0.618421052631579
    },
    "SVM+LR": {
      "accuracy": 0.6447368421052632
    },
    "DT+RF+SVM": {
      "accuracy": 0.4868421052631579
    },
    "DT+RF+LR": {
      "accuracy": 0.618421052631579
    },
    "DT+SVM+LR": {
      "accuracy": 0.4868421052631579
    },
    "RF+SVM+LR": {
      "accuracy": 0.618421052631579
    },
    "DT+RF+SVM+LR": {
      "accuracy": 0.5789473684210527
    }
  }
}