{
  "job": {
    "id": "tfidf_seed44_monolingual_binary_en",
    "kind": "experiment",
    "seed": 44,
    "method": "tfidf",
    "training": "mono",
    "translated": "no",
    "task": "binary",
    "test_language": "en",
    "setting_name": "monolingual"
  },
  "train_size": 2140,
  "test_size": 194,
  "train_label_dist": {
    "HC": 1628,
    "Dementia": 512
  },
  "test_label_dist": {
    "HC": 131,
    "Dementia": 63
  },
  "classifiers": {
    "DT": {
      "accuracy": 0.8092783505154639,
      "best_params": {
        "max_depth": 10
      }
    },
    "RF": {
      "accuracy": 0.8350515463917526,
      "best_params": {
        "n_estimators": 200
      }
    },
    "SVM": {
      "accuracy": 0.8711340206185567,
      "best_params": {
        "C": 10,
        "kernel": "rbf"
      }
    },
    "LR": {
      "accuracy": 0.8298969072164949,
      "best_params": {
        "C": 1
      }
    }
  },
  "fusion": {
    "DT+RF": {
      "accuracy": 0.8247422680412371
    },
    "DT+SVM": {
      "accuracy": 0.8247422680412371
    },
    "DT+LR": {
      "accuracy": 0.8092783505154639
    },
    "RF+SVM": {
      "accuracy": 0.865979381443299
    },
    "RF+LR": {
      "accuracy": 0.845360824742268
    },
    "SVM+LR": {
      "accuracy": 0.865979381443299
    },
    "DT+RF+SVM": {
      "accuracy": 0.8711340206185567
    },
    "DT+RF+LR": {
      "accuracy": 0.8350515463917526
    },
    "DT+SVM+LR": {
      "accuracy": 0.8608247422680413
    },
    "RF+SVM+LR": {
      "accuracy": 0.8556701030927835
    },
    "DT+RF+SVM+LR": {
      "accuracy": 0.8608247422680413
    }
  }
}