{
  "job": {
    "id": "tfidf_seed43_translated_combined_binary_spa",
    "kind": "experiment",
    "seed": 43,
    "method": "tfidf",
    "training": "multi",
    "translated": "yes",
    "task": "binary",
    "test_language": "spa",
    "setting_name": "translated_combined"
  },
  "train_size": 2896,
  "test_size": 59,
  "train_label_dist": {
    "HC": 2082,
    "Dementia": 814
  },
  "test_label_dist": {
    "HC": 39,
    "Dementia": 20
  },
  "classifiers": {
    "DT": {
      "accuracy": 0.6949152542372882,
      "best_params": {
        "max_depth": 10
      }
    },
    "RF": {
      "accuracy": 0.7627118644067796,
      "best_params": {
        "n_estimators": 50
      }
    },
    "SVM": {
      "accuracy": 0.6440677966101694,
      "best_params": {
        "C": 10,
        "kernel": "rbf"
      }
    },
    "LR": {
      "accuracy": 0.8135593220338984,
      "best_params": {
        "C": 1
      }
    }
  },
  "fusion": {
    "DT+RF": {
      "accuracy": 0.7457627118644068
    },
    "DT+SVM": {
      "accuracy": 0.6949152542372882
    },
    "DT+LR": {
      "accuracy": 0.7457627118644068
    },
    "RF+SVM": {
      "accuracy": 0.6949152542372882
    },
    "RF+LR": {
      "accuracy": 0.7796610169491526
    },
    "SVM+LR": {
      "accuracy": 0.711864406779661
    },
    "DT+RF+SVM": {
      "accuracy": 0.7627118644067796
    },
    "DT+RF+LR": {
      "accuracy": 0.7966101694915254
    },
    "DT+SVM+LR": {
      "accuracy": 0.7796610169491526
    },
    "RF+SVM+LR": {
      "accuracy": 0.7796610169491526
    },
    "DT+RF+SVM+LR": {
      "accuracy": 0.7966101694915254
    }
  }
}