{
  "job": {
    "id": "tfidf_seed44_translated_combined_binary_gr",
    "kind": "experiment",
    "seed": 44,
    "method": "tfidf",
    "training": "multi",
    "translated": "yes",
    "task": "binary",
    "test_language": "gr",
    "setting_name": "translated_combined"
  },
  "train_size": 2896,
  "test_size": 43,
  "train_label_dist": {
    "HC": 2082,
    "Dementia": 814
  },
  "test_label_dist": {
    "Dementia": 26,
    "HC": 17
  },
  "classifiers": {
    "DT": {
      "accuracy": 0.5813953488372093,
      "best_params": {
        "max_depth": 30
      }
    },
    "RF": {
      "accuracy": 0.7674418604651163,
      "best_params": {
        "n_estimators": 200
      }
    },
    "SVM": {
      "accuracy": 0.7906976744186046,
      "best_params": {
        "C": 10,
        "kernel": "rbf"
      }
    },
    "LR": {
      "accuracy": 0.6046511627906976,
      "best_params": {
        "C": 1
      }
    }
  },
  "fusion": {
    "DT+RF": {
      "accuracy": 0.5813953488372093
    },
    "DT+SVM": {
      "accuracy": 0.5813953488372093
    },
    "DT+LR": {
      "accuracy": 0.5813953488372093
    },
    "RF+SVM": {
      "accuracy": 0.7674418604651163
    },
    "RF+LR": {
      "accuracy": 0.6511627906976745
    },
    "SVM+LR": {
      "accuracy": 0.7209302325581395
    },
    "DT+RF+SVM": {
      "accuracy": 0.7906976744186046
    },
    "DT+RF+LR": {
      "accuracy": 0.6511627906976745
    },
    "DT+SVM+LR": {
      "accuracy": 0.6976744186046512
    },
    "RF+SVM+LR": {
      "accuracy": 0.6976744186046512
    },
    "DT+RF+SVM+LR": {
      "accuracy": 0.7209302325581395
    }
  }
}