{
  "job": {
    "id": "tfidf_seed42_translated_combined_multiclass_spa",
    "kind": "experiment",
    "seed": 42,
    "method": "tfidf",
    "training": "multi",
    "translated": "yes",
    "task": "multiclass",
    "test_language": "spa",
    "setting_name": "translated_combined"
  },
  "train_size": 3573,
  "test_size": 76,
  "train_label_dist": {
    "HC": 2082,
    "Dementia": 814,
    "MCI": 677
  },
  "test_label_dist": {
    "HC": 39,
    "Dementia": 20,
    "MCI": 17
  },
  "classifiers": {
    "DT": {
      "accuracy": 0.5131578947368421,
      "best_params": {
        "max_depth": 10
      }
    },
    "RF": {
      "accuracy": 0.5657894736842105,
      "best_params": {
        "n_estimators": 50
      }
    },
    "SVM": {
      "accuracy": 0.40789473684210525,
      "best_params": {
        "C": 10,
        "kernel": "rbf"
      }
    },
    "LR": {
      "accuracy": 0.47368421052631576,
      "best_params": {
        "C": 10
      }
    }
  },
  "fusion": {
    "DT+RF": {
      "accuracy": 0.5394736842105263
    },
    "DT+SVM": {
      "accuracy": 0.40789473684210525
    },
    "DT+LR": {
      "accuracy": 0.4605263157894737
    },
    "RF+SVM": {
      "accuracy": 0.42105263157894735
    },
    "RF+LR": {
      "accuracy": 0.5394736842105263
    },
    "SVM+LR": {
      "accuracy": 0.3815789473684211
    },
    "DT+RF+SVM": {
      "accuracy": 0.5394736842105263
    },
    "DT+RF+LR": {
      "accuracy": 0.5789473684210527
    },
    "DT+SVM+LR": {
      "accuracy": 0.4605263157894737
    },
    "RF+SVM+LR": {
      "accuracy": 0.47368421052631576
    },
    "DT+RF+SVM+LR": {
      "accuracy": 0.4868421052631579
    }
  }
}