{
  "job": {
    "id": "tfidf_seed43_monolingual_binary_en",
    "kind": "experiment",
    "seed": 43,
    "method": "tfidf",
    "training": "mono",
    "translated": "no",
    "task": "binary",
    "test_language": "en",
    "setting_name": "monolingual"
  },
  "train_size": 2140,
  "test_size": 194,
  "train_label_dist": {
    "HC": 1628,
    "Dementia": 512
  },
  "test_label_dist": {
    "HC": 131,
    "Dementia": 63
  },
  "classifiers": {
    "DT": {
      "accuracy": 0.7319587628865979,
      "best_params": {
        "max_depth": 10
      }
    },
    "RF": {
      "accuracy": 0.8608247422680413,
      "best_params": {
        "n_estimators": 200
      }
    },
    "SVM": {
      "accuracy": 0.9020618556701031,
      "best_params": {
        "C": 10,
        "kernel": "rbf"
      }
    },
    "LR": {
      "accuracy": 0.8814432989690721,
      "best_params": {
        "C": 10
      }
    }
  },
  "fusion": {
    "DT+RF": {
      "accuracy": 0.7422680412371134
    },
    "DT+SVM": {
      "accuracy": 0.7474226804123711
    },
    "DT+LR": {
      "accuracy": 0.7525773195876289
    },
    "RF+SVM": {
      "accuracy": 0.8917525773195877
    },
    "RF+LR": {
      "accuracy": 0.8969072164948454
    },
    "SVM+LR": {
      "accuracy": 0.8917525773195877
    },
    "DT+RF+SVM": {
      "accuracy": 0.865979381443299
    },
    "DT+RF+LR": {
      "accuracy": 0.8556701030927835
    },
    "DT+SVM+LR": {
      "accuracy": 0.8969072164948454
    },
    "RF+SVM+LR": {
      "accuracy": 0.8969072164948454
    },
    "DT+RF+SVM+LR": {
      "accuracy": 0.8762886597938144
    }
  }
}