{
  "job": {
    "id": "tfidf_seed46_multilingual_combined_binary_en",
    "kind": "experiment",
    "seed": 46,
    "method": "tfidf",
    "training": "multi",
    "translated": "no",
    "task": "binary",
    "test_language": "en",
    "setting_name": "multilingual_combined"
  },
  "train_size": 2896,
  "test_size": 194,
  "train_label_dist": {
    "HC": 2082,
    "Dementia": 814
  },
  "test_label_dist": {
    "HC": 131,
    "Dementia": 63
  },
  "classifiers": {
    "DT": {
      "accuracy": 0.7371134020618557,
      "best_params": {
        "max_depth": 10
      }
    },
    "RF": {
      "accuracy": 0.8195876288659794,
      "best_params": {
        "n_estimators": 50
      }
    },
    "SVM": {
      "accuracy": 0.7989690721649485,
      "best_params": {
        "C": 0.1,
        "kernel": "linear"
      }
    },
    "LR": {
      "accuracy": 0.8762886597938144,
      "best_params": {
        "C": 10
      }
    }
  },
  "fusion": {
    "DT+RF": {
      "accuracy": 0.7474226804123711
    },
    "DT+SVM": {
      "accuracy": 0.7474226804123711
    },
    "DT+LR": {
      "accuracy": 0.7628865979381443
    },
    "RF+SVM": {
      "accuracy": 0.8195876288659794
    },
    "RF+LR": {
      "accuracy": 0.8402061855670103
    },
    "SVM+LR": {
      "accuracy": 0.8608247422680413
    },
    "DT+RF+SVM": {
      "accuracy": 0.8298969072164949
    },
    "DT+RF+LR": {
      "accuracy": 0.845360824742268
    },
    "DT+SVM+LR": {
      "accuracy": 0.845360824742268
    },
    "RF+SVM+LR": {
      "accuracy": 0.8711340206185567
    },
    "DT+RF+SVM+LR": {
      "accuracy": 0.8402061855670103
    }
  }
}