{
  "job": {
    "id": "tfidf_seed45_translated_combined_binary_gr",
    "kind": "experiment",
    "seed": 45,
    "method": "tfidf",
    "training": "multi",
    "translated": "yes",
    "task": "binary",
    "test_language": "gr",
    "setting_name": "translated_combined"
  },
  "train_size": 2896,
  "test_size": 43,
  "train_label_dist": {
    "HC": 2082,
    "Dementia": 814
  },
  "test_label_dist": {
    "Dementia": 26,
    "HC": 17
  },
  "classifiers": {
    "DT": {
      "accuracy": 0.5116279069767442,
      "best_params": {
        "max_depth": 20
      }
    },
    "RF": {
      "accuracy": 0.6511627906976745,
      "best_params": {
        "n_estimators": 100
      }
    },
    "SVM": {
      "accuracy": 0.627906976744186,
      "best_params": {
        "C": 10,
        "kernel": "rbf"
      }
    },
    "LR": {
      "accuracy": 0.6046511627906976,
      "best_params": {
        "C": 1
      }
    }
  },
  "fusion": {
    "DT+RF": {
      "accuracy": 0.5116279069767442
    },
    "DT+SVM": {
      "accuracy": 0.5116279069767442
    },
    "DT+LR": {
      "accuracy": 0.5116279069767442
    },
    "RF+SVM": {
      "accuracy": 0.627906976744186
    },
    "RF+LR": {
      "accuracy": 0.6046511627906976
    },
    "SVM+LR": {
      "accuracy": 0.6046511627906976
    },
    "DT+RF+SVM": {
      "accuracy": 0.627906976744186
    },
    "DT+RF+LR": {
      "accuracy": 0.627906976744186
    },
    "DT+SVM+LR": {
      "accuracy": 0.6046511627906976
    },
    "RF+SVM+LR": {
      "accuracy": 0.6511627906976745
    },
    "DT+RF+SVM+LR": {
      "accuracy": 0.6046511627906976
    }
  }
}