{
  "job": {
    "id": "tfidf_seed44_monolingual_multiclass_cha",
    "kind": "experiment",
    "seed": 44,
    "method": "tfidf",
    "training": "mono",
    "translated": "no",
    "task": "multiclass",
    "test_language": "cha",
    "setting_name": "monolingual"
  },
  "train_size": 610,
  "test_size": 153,
  "train_label_dist": {
    "MCI": 259,
    "HC": 232,
    "Dementia": 119
  },
  "test_label_dist": {
    "MCI": 65,
    "HC": 58,
    "Dementia": 30
  },
  "classifiers": {
    "DT": {
      "accuracy": 0.43790849673202614,
      "best_params": {
        "max_depth": 10
      }
    },
    "RF": {
      "accuracy": 0.45751633986928103,
      "best_params": {
        "n_estimators": 50
      }
    },
    "SVM": {
      "accuracy": 0.5032679738562091,
      "best_params": {
        "C": 1,
        "kernel": "linear"
      }
    },
    "LR": {
      "accuracy": 0.5163398692810458,
      "best_params": {
        "C": 10
      }
    }
  },
  "fusion": {
    "DT+RF": {
      "accuracy": 0.45098039215686275
    },
    "DT+SVM": {
      "accuracy": 0.477124183006536
    },
    "DT+LR": {
      "accuracy": 0.47058823529411764
    },
    "RF+SVM": {
      "accuracy": 0.48366013071895425
    },
    "RF+LR": {
      "accuracy": 0.49019607843137253
    },
    "SVM+LR": {
      "accuracy": 0.5163398692810458
    },
    "DT+RF+SVM": {
      "accuracy": 0.47058823529411764
    },
    "DT+RF+LR": {
      "accuracy": 0.477124183006536
    },
    "DT+SVM+LR": {
      "accuracy": 0.49673202614379086
    },
    "RF+SVM+LR": {
      "accuracy": 0.5032679738562091
    },
    "DT+RF+SVM+LR": {
      "accuracy": 0.48366013071895425
    }
  }
}