{
  "job": {
    "id": "tfidf_seed43_multilingual_combined_multiclass_cha",
    "kind": "experiment",
    "seed": 43,
    "method": "tfidf",
    "training": "multi",
    "translated": "no",
    "task": "multiclass",
    "test_language": "cha",
    "setting_name": "multilingual_combined"
  },
  "train_size": 3573,
  "test_size": 153,
  "train_label_dist": {
    "HC": 2082,
    "Dementia": 814,
    "MCI": 677
  },
  "test_label_dist": {
    "MCI": 65,
    "HC": 58,
    "Dementia": 30
  },
  "classifiers": {
    "DT": {
      "accuracy": 0.42483660130718953,
      "best_params": {
        "max_depth": 10
      }
    },
    "RF": {
      "accuracy": 0.45098039215686275,
      "best_params": {
        "n_estimators": 100
      }
    },
    "SVM": {
      "accuracy": 0.4444444444444444,
      "best_params": {
        "C": 1,
        "kernel": "rbf"
      }
    },
    "LR": {
      "accuracy": 0.47058823529411764,
      "best_params": {
        "C": 10
      }
    }
  },
  "fusion": {
    "DT+RF": {
      "accuracy": 0.45751633986928103
    },
    "DT+SVM": {
      "accuracy": 0.45098039215686275
    },
    "DT+LR": {
      "accuracy": 0.477124183006536
    },
    "RF+SVM": {
      "accuracy": 0.45098039215686275
    },
    "RF+LR": {
      "accuracy": 0.4444444444444444
    },
    "SVM+LR": {
      "accuracy": 0.47058823529411764
    },
    "DT+RF+SVM": {
      "accuracy": 0.4444444444444444
    },
    "DT+RF+LR": {
      "accuracy": 0.45751633986928103
    },
    "DT+SVM+LR": {
      "accuracy": 0.45098039215686275
    },
    "RF+SVM+LR": {
      "accuracy": 0.46405228758169936
    },
    "DT+RF+SVM+LR": {
      "accuracy": 0.45751633986928103
    }
  }
}