{
  "completed_runs": [
    {
      "run_name": "cookie_theft_pooled_clean_phase2",
      "n_rows": 2059,
      "n_groups": 1822,
      "best_model": {
        "run_name": "cookie_theft_pooled_clean_phase2",
        "subset_name": "phase1_universal",
        "top_k": 100,
        "num_selected_features": 100,
        "model_family": "svm",
        "model_variant": "linear_c1",
        "balanced_accuracy": 0.7540187920982623,
        "macro_f1": 0.7600072503172013,
        "sensitivity": 0.6239316239316239,
        "specificity": 0.8841059602649006,
        "precision": 0.6759259259259259,
        "auroc": 0.8352295239712457,
        "auprc": 0.7363756959225934
      }
    },
    {
      "run_name": "language_en_cookie_theft_clean_phase2",
      "n_rows": 1942,
      "n_groups": 1711,
      "best_model": {
        "run_name": "language_en_cookie_theft_clean_phase2",
        "subset_name": "phase1_universal",
        "top_k": 50,
        "num_selected_features": 50,
        "model_family": "lr",
        "model_variant": "c1",
        "balanced_accuracy": 0.7445399327991729,
        "macro_f1": 0.7452748410094382,
        "sensitivity": 0.6226415094339622,
        "specificity": 0.8664383561643836,
        "precision": 0.6285714285714286,
        "auroc": 0.8227578185577669,
        "auprc": 0.7386991449500009
      }
    },
    {
      "run_name": "language_zh_cookie_theft_clean_phase2",
      "n_rows": 117,
      "n_groups": 111,
      "best_model": {
        "run_name": "language_zh_cookie_theft_clean_phase2",
        "subset_name": "phase1_universal",
        "top_k": 50,
        "num_selected_features": 50,
        "model_family": "lr",
        "model_variant": "c1",
        "balanced_accuracy": 0.8786764705882353,
        "macro_f1": 0.8663101604278074,
        "sensitivity": 0.875,
        "specificity": 0.8823529411764706,
        "precision": 0.7777777777777778,
        "auroc": 0.9191176470588235,
        "auprc": 0.8470619658119658
      }
    },
    {
      "run_name": "language_el_lion_scene_clean_phase2",
      "n_rows": 106,
      "n_groups": 106,
      "best_model": {
        "run_name": "language_el_lion_scene_clean_phase2",
        "subset_name": "rich_universal",
        "top_k": 50,
        "num_selected_features": 50,
        "model_family": "lr",
        "model_variant": "c1",
        "balanced_accuracy": 0.9090909090909092,
        "macro_f1": 0.9083333333333333,
        "sensitivity": 1.0,
        "specificity": 0.8181818181818182,
        "precision": 0.8461538461538461,
        "auroc": 0.884297520661157,
        "auprc": 0.8469020878111787
      }
    },
    {
      "run_name": "language_es_reading_clean_phase2",
      "n_rows": 269,
      "n_groups": 102,
      "best_model": {
        "run_name": "language_es_reading_clean_phase2",
        "subset_name": "task_specific_semantic",
        "top_k": 50,
        "num_selected_features": 9,
        "model_family": "lr",
        "model_variant": "c1",
        "balanced_accuracy": 0.7286821705426356,
        "macro_f1": 0.7087517934002869,
        "sensitivity": 0.6666666666666666,
        "specificity": 0.7906976744186046,
        "precision": 0.5263157894736842,
        "auroc": 0.7922480620155039,
        "auprc": 0.6600831179402608
      }
    }
  ],
  "skipped_runs": []
}