{
  "run_name": "cookie_theft_pooled_phase2",
  "n_rows": 2059,
  "n_groups": 1822,
  "train_rows": 1640,
  "test_rows": 419,
  "train_groups": 1457,
  "test_groups": 365,
  "class_counts": {
    "0.0": 1484,
    "1.0": 575
  },
  "test_class_counts": {
    "0.0": 302,
    "1.0": 117
  },
  "primary_selection_metric": "raw accuracy",
  "best_model": {
    "run_name": "cookie_theft_pooled_phase2",
    "subset_name": "all_phase2",
    "top_k": 100,
    "num_selected_features": 100,
    "model_family": "rf",
    "model_variant": "n200",
    "accuracy": 0.8496420047732697,
    "balanced_accuracy": 0.7490943567102508,
    "macro_f1": 0.7814908323330988,
    "sensitivity": 0.5213675213675214,
    "specificity": 0.9768211920529801,
    "precision": 0.8970588235294118,
    "auroc": 0.8115271409973397,
    "auprc": 0.7561350285490218
  }
}