{
  "run_name": "cookie_theft_pooled_phase2",
  "n_rows": 2059,
  "n_groups": 1822,
  "best_model": {
    "run_name": "cookie_theft_pooled_phase2",
    "subset_name": "rich_universal",
    "top_k": 100,
    "num_selected_features": 100,
    "model_family": "svm",
    "model_variant": "rbf_c1",
    "balanced_accuracy": 0.7596790626591952,
    "macro_f1": 0.7705978100029595,
    "sensitivity": 0.6153846153846154,
    "specificity": 0.9039735099337748,
    "precision": 0.7128712871287128,
    "auroc": 0.7893247297220807,
    "auprc": 0.7116557968124126
  }
}