{
  "run_name": "language_en_pd_ctp_phase2",
  "n_rows": 2004,
  "n_groups": 1711,
  "train_rows": 1594,
  "test_rows": 410,
  "train_groups": 1368,
  "test_groups": 343,
  "class_counts": {
    "0.0": 1467,
    "1.0": 537
  },
  "test_class_counts": {
    "0.0": 304,
    "1.0": 106
  },
  "primary_selection_metric": "raw accuracy",
  "best_model": {
    "run_name": "language_en_pd_ctp_phase2",
    "subset_name": "phase1_universal",
    "top_k": 100,
    "num_selected_features": 100,
    "model_family": "rf",
    "model_variant": "n200",
    "accuracy": 0.8414634146341463,
    "balanced_accuracy": 0.6995407149950348,
    "macro_f1": 0.736188241815896,
    "sensitivity": 0.4056603773584906,
    "specificity": 0.993421052631579,
    "precision": 0.9555555555555556,
    "auroc": 0.8125775819265143,
    "auprc": 0.7212394591519545
  }
}