feature_group,f_score
disc,17.354170115846387
lex,15.36041961502504
len,8.683985793819984
syn,8.359908346610947
graph,5.856329758154978
pause,5.115578957168344
ac,0.447676163214604
