feature_group,importance_mean,importance_std
rd,0.2674418604651161,0.2771675734271119
