{
  "run_name": "language_en_cookie_theft_phase2",
  "n_rows": 1942,
  "n_groups": 1711,
  "best_model": {
    "run_name": "language_en_cookie_theft_phase2",
    "subset_name": "all_phase2",
    "top_k": 100,
    "num_selected_features": 100,
    "model_family": "lr",
    "model_variant": "c1",
    "balanced_accuracy": 0.7505492375290772,
    "macro_f1": 0.7482928391306087,
    "sensitivity": 0.6415094339622641,
    "specificity": 0.8595890410958904,
    "precision": 0.6238532110091743,
    "auroc": 0.833354872059964,
    "auprc": 0.7539137998550896
  }
}