feature_group,importance_mean,importance_std
syn,0.033165829145729166,0.024900022455666155
sx,0.029145728643216472,0.01831532097585057
len,0.022110552763819326,0.009951213332918953
disc,0.01809045226130681,0.009951213332919031
lex,0.010552763819095578,0.004765484810828125
graph,0.007035175879397105,0.004050882987806418
pr,0.006532663316583065,0.009141279964601774
pause,0.0005025125628140836,0.0010050251256281673
