feature_group,importance_mean,importance_std
syn,0.29867690439007477,0.1867260288464154
lex,0.12822314766614623,0.052962073555937114
sx,0.06593137254901985,0.1170236162540183
pd,0.0638057435363526,0.05271131007851403
pause,0.05896668401874026,0.03564212141212431
len,0.052513881658858265,0.03816950141966127
ac,0.036979437792816254,0.020400749769404057
graph,0.03674952281797681,0.029543347861208796
disc,0.03363265660246397,0.024975983734292467
par,0.015629880270692276,0.016008820241340455
