{
  "balanced_accuracy": 0.6856346520909249,
  "macro_f1": 0.6670071706125065,
  "auroc": 0.7132352941176471
}