feature_group,num_features,mean_available_fraction,mean_missing_fraction
ac,105,0.2682335837169857,0.7317664162830142
disc,9,1.0,0.06501898069622808
graph,6,1.0,4.0384460059769e-05
len,11,1.0,0.2514703614776307
lex,12,1.0,0.0005048057507471125
pause,17,1.0,0.5752362490913496
syn,34,1.0,0.1559600336378797
