{
  "balanced_accuracy": 0.7573573215775051,
  "macro_f1": 0.7536133761149215,
  "auroc": 0.871083045394972,
  "auprc": 0.834325229814086,
  "sensitivity": 0.7532467532467533,
  "specificity": 0.7614678899082569,
  "precision": 0.6904761904761905,
  "rows": 958,
  "groups": 586
}