feature_group,permutation_importance_mean
disc,0.006104252400548649
ac,0.001771833561956972
len,9.144947416547262e-05
syn,-0.002252822623193041
pause,-0.0029835390946502476
lex,-0.005761316872428028
