feature_group,f_score
syn,30.485588279932305
len,9.078736017898548
pause,6.237074543357468
lex,5.9665651612897115
disc,4.694977033986572
ac,2.624250648930198
