feature_group,native_importance_abs
lex,0.020648904510387468
disc,0.019873325211282277
len,0.018167934605559113
syn,0.008616955239193324
pause,0.0010183042543505374
ac,1.3247606228896413e-05
