feature_group,permutation_importance_mean
len,0.1387152777777778
pause,0.050086805555555565
