feature_group,f_score
lex,5.962351864875761
len,2.8128036983722433
graph,2.299794823168778
disc,2.2848875124228396
pause,1.84153940285906
syn,1.4676911295838615
