feature_group,permutation_importance_mean
disc,0.002737127371273715
lex,0.002682926829268295
len,0.002039911308203993
syn,0.0011549497847919666
pause,0.0001434720229555238
ac,2.787456445993034e-05
