feature_group,native_importance_abs
syn,0.3855828549322125
lex,0.3555699693500381
disc,0.10362968251686411
