feature_group,native_importance_abs
graph,0.020532264976799386
lex,0.019077555653260574
disc,0.018255155680644786
len,0.013539748339965841
syn,0.008737810549826794
pause,0.0013438019072606025
missingindicator,0.0008811045823476948
