feature_group,native_importance_abs
pause,0.05010911776562981
len,0.04956352893748074
