feature_group,f_score
syn,57.34739156636476
lex,19.37174752774123
len,13.999929733638782
graph,10.992569572691057
disc,5.257620942510884
pause,2.465788214898962
