feature_group,permutation_importance_mean
pause,0.019859225741578626
len,0.01817534317534313
lex,0.01623931623931619
disc,0.015622032288698903
syn,0.010234826901493525
