feature_group,f_score
syn,57.72163326261802
lex,14.261022630541317
len,11.094911818854326
graph,7.791923329630438
disc,4.632561901304491
pause,4.565418670274343
ac,0.8847297196354235
